id,created_at,dados,empresa_id,created_by,ultimo_retorno,proximo_retorno,observacoes,status,risco,status_interno,ultima_movimentacao,escritorio,advogado,data_distribuicao,produtos,telefone,protocolo_ref,tribunal,status_prazo,datajud_ultimo_movimento,datajud_ultimo_nome,datajud_consultado_em,tem_atualizacao_pos_retorno,datajud_encerrado_tribunal,datajud_encerrado_motivo,indicio_busca_apreensao,busca_apreensao_confianca,busca_apreensao_motivo,busca_apreensao_consultado_em,datajud_hash,em_cumprimento_sentenca,cumprimento_sentenca_motivo,cumprimento_sentenca_consultado_em,djen_consultado_em,djen_nova_comunicacao,djen_ultima_data,djen_ultimo_resumo,djen_ultimo_link,djen_count,scan_priority,datajud_last_ok,djen_last_ok,datajud_last_error,djen_last_error,alert_delivered_at,alert_ack_at,cpf,email,estado_civil,emprego,nacionalidade,parte_passiva,parte_passiva_cnpj,classe_acao,orgao_julgador,auditado_em,auditado_por,atendido_por,is_procedente,procedente_motivo,cumprimento_pendente_necessario,data_transito_julgado,detalhes_execucao,status_executivo,oportunidade_elegivel,oportunidade_score,texto_pobre,cliente,updated_at
168584,2026-07-23 20:01:41.124247+00,"{""id"": ""168584"", ""risco"": ""Crítico"", ""status"": ""Vencido"", ""cliente"": ""JOAO VICTOR BERNARDES AGUIAR DA SILVA"", ""advogado"": ""MATHEUS"", ""situacao"": ""EM ANDAMENTO"", ""telefone"": """", ""tribunal"": ""TJSP"", ""protocolo"": ""1008980-60.2025.8.26.0577"", ""created_by"": ""e72a59fd-d85f-4b4d-bbe1-1966249a14cf"", ""djen_count"": 5, ""escritorio"": ""JVA / GM"", ""observacao"": ""PARCIALMENTE PROCEDENTE | PARCIALMENTE PROCEDENTE / REMETIDO AO TRIBUNAL / MUDANÇA DE SISTEMA"", ""auditado_em"": null, ""evento_tipo"": ""rotina"", ""atendido_por"": ""e72a59fd-d85f-4b4d-bbe1-1966249a14cf"", ""auditado_por"": null, ""datajud_hash"": ""MjAyNi0wNi0xOFQxMDowMToyMS4wMDBa"", ""diasFaltando"": -43, ""evento_fonte"": null, ""linkConsulta"": ""https://www.google.com/search?q=consulta+processo+TJSP+1008980-60.2025.8.26.0577"", ""proximoPrazo"": ""2026-07-20"", ""statusManual"": ""Automatico"", ""evento_resumo"": null, ""nacionalidade"": ""BRASILEIRA"", ""ultimoRetorno"": ""2026-08-14"", ""djen_ultima_data"": ""2026-06-19T00:00:00.000Z"", ""djen_ultimo_link"": ""https://eproc2g.tjsp.jus.br/eproc/externo_controlador.php?acao=processo_distribuicao_listar&sinPesquisar=S&numProcesso=10089806020258260577&hash=511023ef7c28a3bb76b2e3f991f4b8c17022066aae728d44a0697393b0eb4c88"", ""djen_consultado_em"": ""2026-08-26T15:19:41.913Z"", ""djen_ultimo_resumo"": ""Processo 1008980-60.2025.8.26.0577 distribuido para Gab. 05 - 35ª Câmara de Direito Privado - 35ª Câmara de Direito Priv…"", ""tem_novo_andamento"": false, ""datajud_ultimo_nome"": ""Redistribuição"", ""datajud_consultado_em"": ""2026-08-26T15:19:41.913+00:00"", ""djen_nova_comunicacao"": false, ""busca_apreensao_motivo"": null, ""em_cumprimento_sentenca"": true, ""indicio_busca_apreensao"": false, ""datajud_encerrado_motivo"": null, ""datajud_ultimo_movimento"": ""2026-06-18T10:01:21+00:00"", ""busca_apreensao_confianca"": null, ""datajud_encerrado_tribunal"": false, ""cumprimento_sentenca_motivo"": null, ""tem_atualizacao_pos_retorno"": false, ""busca_apreensao_consultado_em"": ""2026-08-03T04:15:38.591+00:00"", ""cumprimento_sentenca_consultado_em"": ""2026-08-26T15:19:41.913+00:00""}",d37fd4bb-1c71-4dca-b97e-292355918d39,e72a59fd-d85f-4b4d-bbe1-1966249a14cf,2026-08-14,2026-07-20,PARCIALMENTE PROCEDENTE | PARCIALMENTE PROCEDENTE / REMETIDO AO TRIBUNAL / MUDANÇA DE SISTEMA,Vencido,Crítico,EM ANDAMENTO,,JVA / GM,MATHEUS,,,,1008980-60.2025.8.26.0577,TJSP,,2026-06-18 10:01:21+00,Redistribuição,2026-08-26 15:19:41.913+00,false,false,,false,,,2026-08-03 04:15:38.591+00,MjAyNi0wNi0xOFQxMDowMToyMS4wMDBa,true,,2026-08-26 15:19:41.913+00,2026-08-26 15:19:41.913+00,false,2026-06-19T00:00:00.000Z,Processo 1008980-60.2025.8.26.0577 distribuido para Gab. 05 - 35ª Câmara de Direito Privado - 35ª Câmara de Direito Priv…,https://eproc2g.tjsp.jus.br/eproc/externo_controlador.php?acao=processo_distribuicao_listar&sinPesquisar=S&numProcesso=10089806020258260577&hash=511023ef7c28a3bb76b2e3f991f4b8c17022066aae728d44a0697393b0eb4c88,5,70,true,true,,,,,,,,,BRASILEIRA,,,,,,,e72a59fd-d85f-4b4d-bbe1-1966249a14cf,false,,false,,{},,false,,false,,2026-09-01 19:43:42.777181+00
168656,2026-07-23 20:01:41.124247+00,"{""id"": ""168656"", ""risco"": ""Normal"", ""status"": ""Encerrado"", ""cliente"": ""MARCOS ANTONIO COSME FERREIRA"", ""advogado"": ""ANDRESSA"", ""situacao"": ""ENCERRADO"", ""telefone"": ""85991729102"", ""tribunal"": ""TJSP"", ""protocolo"": ""4019637-52.2026.8.26.0002"", ""created_by"": ""4581d2fe-c358-45f9-a1bd-f90f93dce0fc"", ""djen_count"": 4, ""escritorio"": ""JVA / GM"", ""observacao"": ""INDEFERIDA PETIÇÃO INICIAL | INDEFERIDA INICIAL DEVIDO SELO DA PROCURAÇÃO / PAGOU AS CUSTAS / OFERT. REDISTRIBUIÇÃO"", ""auditado_em"": ""2026-08-13"", ""evento_tipo"": ""transito_ou_baixa"", ""atendido_por"": ""af1b75ea-cb64-4ebc-b4ad-ce1ce1fc01c5"", ""auditado_por"": ""af1b75ea-cb64-4ebc-b4ad-ce1ce1fc01c5"", ""datajud_hash"": ""MjAyNi0wNS0yNlQxMTo0MzoxNy4wMDBa"", ""diasFaltando"": null, ""evento_fonte"": null, ""linkConsulta"": ""https://www.google.com/search?q=consulta+processo+TJSP+4019637-52.2026.8.26.0002"", ""proximoPrazo"": """", ""statusManual"": ""Encerrado"", ""evento_resumo"": ""BAIXA DEFINITIVA"", ""nacionalidade"": ""BRASILEIRA"", ""ultimoRetorno"": ""2026-09-01"", ""djen_ultima_data"": ""2026-04-27T00:00:00.000Z"", ""djen_ultimo_link"": ""https://eproc1g.tjsp.jus.br/eproc/externo_controlador.php?acao=consulta_publica_documento&numProcesso=40196375220268260002&idDocumento=611776966037064720869264426427&hash=e273eff248d5ff215eadbfde3c96e987fcaf02952dc6b0161b205f09b1b7afcf"", ""djen_consultado_em"": ""2026-09-01T18:42:33.120Z"", ""djen_ultimo_resumo"": ""Trânsito em julgado"", ""tem_novo_andamento"": false, ""datajud_ultimo_nome"": ""Baixa Definitiva"", ""datajud_consultado_em"": ""2026-09-01T18:42:33.119+00:00"", ""djen_nova_comunicacao"": false, ""busca_apreensao_motivo"": null, ""em_cumprimento_sentenca"": false, ""indicio_busca_apreensao"": false, ""datajud_encerrado_motivo"": ""BAIXA DEFINITIVA"", ""datajud_ultimo_movimento"": ""2026-05-26T11:43:17+00:00"", ""busca_apreensao_confianca"": null, ""datajud_encerrado_tribunal"": true, ""cumprimento_sentenca_motivo"": null, ""tem_atualizacao_pos_retorno"": false, ""busca_apreensao_consultado_em"": ""2026-08-03T04:16:00.02+00:00"", ""cumprimento_sentenca_consultado_em"": ""2026-09-01T18:42:33.119+00:00""}",d37fd4bb-1c71-4dca-b97e-292355918d39,4581d2fe-c358-45f9-a1bd-f90f93dce0fc,2026-09-01,,INDEFERIDA PETIÇÃO INICIAL | INDEFERIDA INICIAL DEVIDO SELO DA PROCURAÇÃO / PAGOU AS CUSTAS / OFERT. REDISTRIBUIÇÃO,Encerrado,Normal,ENCERRADO,,JVA / GM,ANDRESSA,,,85991729102,4019637-52.2026.8.26.0002,TJSP,,2026-05-26 11:43:17+00,Baixa Definitiva,2026-09-01 18:42:33.119+00,false,true,BAIXA DEFINITIVA,false,,,2026-08-03 04:16:00.02+00,MjAyNi0wNS0yNlQxMTo0MzoxNy4wMDBa,false,,2026-09-01 18:42:33.119+00,2026-09-01 18:42:33.12+00,false,2026-04-27T00:00:00.000Z,Trânsito em julgado,https://eproc1g.tjsp.jus.br/eproc/externo_controlador.php?acao=consulta_publica_documento&numProcesso=40196375220268260002&idDocumento=611776966037064720869264426427&hash=e273eff248d5ff215eadbfde3c96e987fcaf02952dc6b0161b205f09b1b7afcf,4,90,true,true,,,,,,,,,BRASILEIRA,,,,,2026-08-13,af1b75ea-cb64-4ebc-b4ad-ce1ce1fc01c5,af1b75ea-cb64-4ebc-b4ad-ce1ce1fc01c5,false,,false,2026-05-26 11:42:21+00,{},,false,,false,,2026-09-01 19:43:42.777181+00
168659,2026-07-23 20:01:41.124247+00,"{""id"": ""168659"", ""risco"": ""Normal"", ""status"": ""Encerrado"", ""cliente"": ""MARCOS DARLAN JACOBY MARQUES"", ""advogado"": ""NÃO ATRIBUÍDO"", ""situacao"": ""ENCERRADO"", ""telefone"": """", ""tribunal"": ""TJRS"", ""protocolo"": ""5021223-14.2023.8.21.0015"", ""created_by"": ""d730da06-030a-4921-bdb4-96b335a21d58"", ""djen_count"": 0, ""escritorio"": ""MEDIARI"", ""observacao"": ""CUMPRIMENTO DE SENTENÇA | CUMPRIMENTO DE SENTENÇA / APRESENTAMOS O CÁLCULOS / ESTAMOS AGUARDANDO A MANIFESTAÇÃO DO BANCO"", ""auditado_em"": null, ""evento_tipo"": ""transito_ou_baixa"", ""atendido_por"": ""af1b75ea-cb64-4ebc-b4ad-ce1ce1fc01c5"", ""auditado_por"": ""af1b75ea-cb64-4ebc-b4ad-ce1ce1fc01c5"", ""datajud_hash"": ""MjAyNS0wNi0wNVQxMjozMDoyOS4wMDBa"", ""diasFaltando"": null, ""evento_fonte"": null, ""linkConsulta"": ""https://www.google.com/search?q=consulta+processo+TJRS+5021223-14.2023.8.21.0015"", ""proximoPrazo"": """", ""statusManual"": ""Encerrado"", ""evento_resumo"": ""BAIXA DEFINITIVA"", ""nacionalidade"": ""BRASILEIRA"", ""ultimoRetorno"": ""2026-09-01"", ""djen_ultima_data"": null, ""djen_ultimo_link"": ""https://comunica.pje.jus.br/#/consulta?numeroProcesso=5021223-14.2023.8.21.0015"", ""djen_consultado_em"": ""2026-09-01T18:42:42.994Z"", ""djen_ultimo_resumo"": null, ""tem_novo_andamento"": false, ""datajud_ultimo_nome"": ""Expedida/Certificada"", ""datajud_consultado_em"": ""2026-09-01T18:42:42.993+00:00"", ""djen_nova_comunicacao"": false, ""busca_apreensao_motivo"": null, ""em_cumprimento_sentenca"": false, ""indicio_busca_apreensao"": false, ""datajud_encerrado_motivo"": ""BAIXA DEFINITIVA"", ""datajud_ultimo_movimento"": ""2025-06-05T12:30:29+00:00"", ""busca_apreensao_confianca"": null, ""datajud_encerrado_tribunal"": true, ""cumprimento_sentenca_motivo"": null, ""tem_atualizacao_pos_retorno"": false, ""busca_apreensao_consultado_em"": ""2026-08-03T04:16:04.071+00:00"", ""cumprimento_sentenca_consultado_em"": ""2026-09-01T18:42:42.993+00:00""}",d37fd4bb-1c71-4dca-b97e-292355918d39,d730da06-030a-4921-bdb4-96b335a21d58,2026-09-01,,CUMPRIMENTO DE SENTENÇA | CUMPRIMENTO DE SENTENÇA / APRESENTAMOS O CÁLCULOS / ESTAMOS AGUARDANDO A MANIFESTAÇÃO DO BANCO,Encerrado,Normal,ENCERRADO,,MEDIARI,NÃO ATRIBUÍDO,,,,5021223-14.2023.8.21.0015,TJRS,,2025-06-05 12:30:29+00,Expedida/Certificada,2026-09-01 18:42:42.993+00,false,true,BAIXA DEFINITIVA,false,,,2026-08-03 04:16:04.071+00,MjAyNS0wNi0wNVQxMjozMDoyOS4wMDBa,false,,2026-09-01 18:42:42.993+00,2026-09-01 18:42:42.994+00,false,,,https://comunica.pje.jus.br/#/consulta?numeroProcesso=5021223-14.2023.8.21.0015,0,90,true,true,,,,,,,,,BRASILEIRA,,,,,,af1b75ea-cb64-4ebc-b4ad-ce1ce1fc01c5,af1b75ea-cb64-4ebc-b4ad-ce1ce1fc01c5,false,,false,,{},,false,,false,,2026-09-01 19:43:42.777181+00
206555,2026-07-27 17:42:34.299083+00,"{""id"": ""206555"", ""risco"": ""Normal"", ""status"": ""Encerrado"", ""cliente"": ""ANDRÉ CABANHAS PEREIRA JUSCELINO"", ""advogado"": ""ERALDO / MATHEUS"", ""situacao"": ""ENCERRADO"", ""telefone"": ""11947821745"", ""tribunal"": ""TJSP"", ""protocolo"": ""1203451-86.2024.8.26.0100"", ""created_by"": ""d269f309-a461-4f01-b894-d3a7b54a4b7c"", ""djen_count"": 10, ""escritorio"": ""JVA / GM"", ""observacao"": ""IMPROCEDENTE EM 2 INSTNCIAS | CONCLUSOS PARA DESPACHO / AGUARD. SENTENÇA"", ""auditado_em"": null, ""evento_tipo"": ""rotina"", ""atendido_por"": ""af1b75ea-cb64-4ebc-b4ad-ce1ce1fc01c5"", ""auditado_por"": ""af1b75ea-cb64-4ebc-b4ad-ce1ce1fc01c5"", ""datajud_hash"": null, ""diasFaltando"": null, ""evento_fonte"": null, ""linkConsulta"": ""https://www.google.com/search?q=consulta+processo+TJSP+1203451-86.2024.8.26.0100"", ""proximoPrazo"": """", ""statusManual"": ""Encerrado"", ""evento_resumo"": null, ""nacionalidade"": ""BRASILEIRA"", ""ultimoRetorno"": ""2026-09-01"", ""djen_ultima_data"": ""2026-07-22T00:00:00.000Z"", ""djen_ultimo_link"": ""https://eproc2g.tjsp.jus.br/eproc/externo_controlador.php?acao=consulta_publica_documento&numProcesso=12034518620248260100&idDocumento=611781283460374406471177278858&hash=57a80d528d5962aca2d357eb546912135f06cf76634ce9e03423c997dd8fe9de"", ""djen_consultado_em"": ""2026-08-26T19:01:28.423Z"", ""djen_ultimo_resumo"": ""EXTRATO DE ATA DA SESSÃO VIRTUAL  RESOLUÇÃO CNJ 591/24 DE 01/06/2026 A 10/06/2026 APELAÇÃO Nº 1203451-86.2024.8.26.0100…"", ""tem_novo_andamento"": false, ""datajud_ultimo_nome"": ""Remessa"", ""datajud_consultado_em"": ""2026-08-26T19:01:28.422+00:00"", ""djen_nova_comunicacao"": false, ""busca_apreensao_motivo"": null, ""em_cumprimento_sentenca"": true, ""indicio_busca_apreensao"": false, ""datajud_encerrado_motivo"": null, ""datajud_ultimo_movimento"": ""2026-06-12T14:36:14+00:00"", ""busca_apreensao_confianca"": null, ""datajud_encerrado_tribunal"": false, ""cumprimento_sentenca_motivo"": null, ""tem_atualizacao_pos_retorno"": false, ""busca_apreensao_consultado_em"": null, ""cumprimento_sentenca_consultado_em"": ""2026-08-26T19:01:28.422+00:00""}",d37fd4bb-1c71-4dca-b97e-292355918d39,d269f309-a461-4f01-b894-d3a7b54a4b7c,2026-09-01,,IMPROCEDENTE EM 2 INSTNCIAS | CONCLUSOS PARA DESPACHO / AGUARD. SENTENÇA,Encerrado,Normal,ENCERRADO,,JVA / GM,ERALDO / MATHEUS,,,11947821745,1203451-86.2024.8.26.0100,TJSP,,2026-06-12 14:36:14+00,Remessa,2026-08-26 19:01:28.422+00,false,false,,false,,,,,true,,2026-08-26 19:01:28.422+00,2026-08-26 19:01:28.423+00,false,2026-07-22T00:00:00.000Z,EXTRATO DE ATA DA SESSÃO VIRTUAL  RESOLUÇÃO CNJ 591/24 DE 01/06/2026 A 10/06/2026 APELAÇÃO Nº 1203451-86.2024.8.26.0100…,https://eproc2g.tjsp.jus.br/eproc/externo_controlador.php?acao=consulta_publica_documento&numProcesso=12034518620248260100&idDocumento=611781283460374406471177278858&hash=57a80d528d5962aca2d357eb546912135f06cf76634ce9e03423c997dd8fe9de,10,70,,,,,,,,,,,BRASILEIRA,,,,,,af1b75ea-cb64-4ebc-b4ad-ce1ce1fc01c5,af1b75ea-cb64-4ebc-b4ad-ce1ce1fc01c5,false,,false,2026-08-26 19:01:28.728+00,{},,false,,false,,2026-09-01 19:43:42.777181+00
206604,2026-07-27 17:42:34.299083+00,"{""id"": ""206604"", ""risco"": ""Crítico"", ""status"": ""Vencido"", ""cliente"": ""GILCIMAR TEIXEIRA DE SOUZA"", ""advogado"": ""ERALDO / MATHEUS"", ""situacao"": ""EM ANDAMENTO"", ""telefone"": ""21997193980"", ""tribunal"": ""TJRJ"", ""protocolo"": ""0803349-96.2024.8.19.0077"", ""created_by"": ""e72a59fd-d85f-4b4d-bbe1-1966249a14cf"", ""djen_count"": 1, ""escritorio"": ""JVA / GM"", ""observacao"": ""CONTESTAÇÃO"", ""auditado_em"": null, ""evento_tipo"": ""rotina"", ""atendido_por"": ""4581d2fe-c358-45f9-a1bd-f90f93dce0fc"", ""auditado_por"": null, ""datajud_hash"": ""MjAyNi0wMi0xMVQxOToxNDowOS4wMDBa"", ""diasFaltando"": -17, ""evento_fonte"": null, ""linkConsulta"": ""https://www.google.com/search?q=consulta+processo+TJRJ+0803349-96.2024.8.19.0077"", ""proximoPrazo"": ""2026-08-15"", ""statusManual"": ""Automatico"", ""evento_resumo"": null, ""nacionalidade"": ""BRASILEIRA"", ""ultimoRetorno"": ""2026-07-28"", ""djen_ultima_data"": ""2026-01-21T00:00:00.000Z"", ""djen_ultimo_link"": ""https://tjrj.pje.jus.br/1g/Processo/ConsultaDocumento/listView.seam?x=25121917265775500000240198102"", ""djen_consultado_em"": ""2026-08-26T11:15:02.110Z"", ""djen_ultimo_resumo"": ""Audiência de conciliação/mediação"", ""tem_novo_andamento"": false, ""datajud_ultimo_nome"": ""Petição"", ""datajud_consultado_em"": ""2026-08-26T11:15:02.109+00:00"", ""djen_nova_comunicacao"": false, ""busca_apreensao_motivo"": null, ""em_cumprimento_sentenca"": false, ""indicio_busca_apreensao"": false, ""datajud_encerrado_motivo"": null, ""datajud_ultimo_movimento"": ""2026-02-11T19:14:09+00:00"", ""busca_apreensao_confianca"": null, ""datajud_encerrado_tribunal"": false, ""cumprimento_sentenca_motivo"": null, ""tem_atualizacao_pos_retorno"": false, ""busca_apreensao_consultado_em"": ""2026-08-03T04:15:27.399+00:00"", ""cumprimento_sentenca_consultado_em"": ""2026-08-26T11:15:02.109+00:00""}",d37fd4bb-1c71-4dca-b97e-292355918d39,e72a59fd-d85f-4b4d-bbe1-1966249a14cf,2026-07-28,2026-08-15,CONTESTAÇÃO,Vencido,Crítico,EM ANDAMENTO,,JVA / GM,ERALDO / MATHEUS,,,21997193980,0803349-96.2024.8.19.0077,TJRJ,,2026-02-11 19:14:09+00,Petição,2026-08-26 11:15:02.109+00,false,false,,false,,,2026-08-03 04:15:27.399+00,MjAyNi0wMi0xMVQxOToxNDowOS4wMDBa,false,,2026-08-26 11:15:02.109+00,2026-08-26 11:15:02.11+00,false,2026-01-21T00:00:00.000Z,Audiência de conciliação/mediação,https://tjrj.pje.jus.br/1g/Processo/ConsultaDocumento/listView.seam?x=25121917265775500000240198102,1,40,true,true,,,,,,,,,BRASILEIRA,,,,,,,4581d2fe-c358-45f9-a1bd-f90f93dce0fc,false,,false,,{},,false,,false,,2026-09-01 19:43:42.777181+00
206605,2026-07-27 17:42:34.299083+00,"{""id"": ""206605"", ""risco"": ""Normal"", ""status"": ""Sem Prazo"", ""cliente"": ""GILMARIO DOS SANTOS DAMASCENO"", ""advogado"": ""GILBERTO"", ""situacao"": ""EM ANDAMENTO"", ""telefone"": ""7598067452"", ""tribunal"": ""TJBA"", ""protocolo"": ""8002754-72.2025.8.05.0004"", ""created_by"": ""4581d2fe-c358-45f9-a1bd-f90f93dce0fc"", ""djen_count"": 3, ""escritorio"": ""JVA / GM"", ""observacao"": ""CONCLUSOS PARA DESPACHO / sem nenhuma informação no sistema"", ""auditado_em"": null, ""evento_tipo"": ""novo_andamento_relevante"", ""atendido_por"": ""d269f309-a461-4f01-b894-d3a7b54a4b7c"", ""auditado_por"": null, ""datajud_hash"": ""MjAyNi0wNi0xMFQwMDowMDowMC4wMDBa"", ""diasFaltando"": null, ""evento_fonte"": ""ambos"", ""linkConsulta"": ""https://www.google.com/search?q=consulta+processo+TJBA+8002754-72.2025.8.05.0004"", ""proximoPrazo"": """", ""statusManual"": ""Automatico"", ""evento_resumo"": ""PODER JUDICIÁRIO TRIBUNAL DE JUSTIÇA DO ESTADO DA BAHIA 2ª V DOS FEITOS DE REL. DE CONS. CIVEIS E COMERCIAIS DE ALAGOINH…"", ""nacionalidade"": ""BRASILEIRA"", ""ultimoRetorno"": ""2025-10-27"", ""djen_ultima_data"": ""2026-06-09T00:00:00.000Z"", ""djen_ultimo_link"": ""https://pje.tjba.jus.br/pje/Processo/ConsultaDocumento/listView.seam?x=26060817582410400000536266658"", ""djen_consultado_em"": ""2026-08-26T13:04:38.915Z"", ""djen_ultimo_resumo"": ""PODER JUDICIÁRIO TRIBUNAL DE JUSTIÇA DO ESTADO DA BAHIA 2ª V DOS FEITOS DE REL. DE CONS. CIVEIS E COMERCIAIS DE ALAGOINH…"", ""tem_novo_andamento"": true, ""datajud_ultimo_nome"": ""Publicação"", ""datajud_consultado_em"": ""2026-08-26T13:04:38.914+00:00"", ""djen_nova_comunicacao"": true, ""busca_apreensao_motivo"": null, ""em_cumprimento_sentenca"": false, ""indicio_busca_apreensao"": false, ""datajud_encerrado_motivo"": null, ""datajud_ultimo_movimento"": ""2026-06-10T00:00:00+00:00"", ""busca_apreensao_confianca"": null, ""datajud_encerrado_tribunal"": false, ""cumprimento_sentenca_motivo"": null, ""tem_atualizacao_pos_retorno"": true, ""busca_apreensao_consultado_em"": ""2026-08-03T04:15:03.998+00:00"", ""cumprimento_sentenca_consultado_em"": ""2026-08-26T13:04:38.914+00:00""}",d37fd4bb-1c71-4dca-b97e-292355918d39,4581d2fe-c358-45f9-a1bd-f90f93dce0fc,2025-10-27,,CONCLUSOS PARA DESPACHO / sem nenhuma informação no sistema,Sem Prazo,Normal,EM ANDAMENTO,,JVA / GM,GILBERTO,,,7598067452,8002754-72.2025.8.05.0004,TJBA,,2026-06-10 00:00:00+00,Publicação,2026-08-26 13:04:38.914+00,true,false,,false,,,2026-08-03 04:15:03.998+00,MjAyNi0wNi0xMFQwMDowMDowMC4wMDBa,false,,2026-08-26 13:04:38.914+00,2026-08-26 13:04:38.915+00,true,2026-06-09T00:00:00.000Z,PODER JUDICIÁRIO TRIBUNAL DE JUSTIÇA DO ESTADO DA BAHIA 2ª V DOS FEITOS DE REL. DE CONS. CIVEIS E COMERCIAIS DE ALAGOINH…,https://pje.tjba.jus.br/pje/Processo/ConsultaDocumento/listView.seam?x=26060817582410400000536266658,3,80,true,true,,,,,,,,,BRASILEIRA,,,,,,,d269f309-a461-4f01-b894-d3a7b54a4b7c,false,,false,,{},,false,,false,,2026-09-01 19:43:42.777181+00
206613,2026-07-27 17:42:34.299083+00,"{""id"": ""206613"", ""risco"": ""Normal"", ""status"": ""Encerrado"", ""cliente"": ""GRACIELE APARECIDA SILVA"", ""advogado"": ""MATHEUS"", ""situacao"": ""ENCERRADO"", ""telefone"": """", ""tribunal"": ""TJSP"", ""protocolo"": ""1012400-86.2024.8.26.0002"", ""created_by"": ""d730da06-030a-4921-bdb4-96b335a21d58"", ""djen_count"": 0, ""escritorio"": ""JVA / GM"", ""observacao"": ""INSTAURADO CUMPRIMENTO DE SENTENÇA"", ""auditado_em"": null, ""evento_tipo"": ""rotina"", ""atendido_por"": ""af1b75ea-cb64-4ebc-b4ad-ce1ce1fc01c5"", ""auditado_por"": ""af1b75ea-cb64-4ebc-b4ad-ce1ce1fc01c5"", ""datajud_hash"": null, ""diasFaltando"": null, ""evento_fonte"": null, ""linkConsulta"": ""https://www.google.com/search?q=consulta+processo+TJSP+1012400-86.2024.8.26.0002"", ""proximoPrazo"": """", ""statusManual"": ""Encerrado"", ""evento_resumo"": null, ""nacionalidade"": ""BRASILEIRA"", ""ultimoRetorno"": ""2026-09-01"", ""djen_ultima_data"": null, ""djen_ultimo_link"": ""https://comunica.pje.jus.br/#/consulta?numeroProcesso=1012400-86.2024.8.26.0002"", ""djen_consultado_em"": ""2026-08-26T14:26:18.449Z"", ""djen_ultimo_resumo"": null, ""tem_novo_andamento"": false, ""datajud_ultimo_nome"": ""Expedição de documento"", ""datajud_consultado_em"": ""2026-08-26T14:26:18.449+00:00"", ""djen_nova_comunicacao"": false, ""busca_apreensao_motivo"": null, ""em_cumprimento_sentenca"": false, ""indicio_busca_apreensao"": false, ""datajud_encerrado_motivo"": null, ""datajud_ultimo_movimento"": ""2024-11-29T14:11:14+00:00"", ""busca_apreensao_confianca"": null, ""datajud_encerrado_tribunal"": false, ""cumprimento_sentenca_motivo"": null, ""tem_atualizacao_pos_retorno"": false, ""busca_apreensao_consultado_em"": null, ""cumprimento_sentenca_consultado_em"": ""2026-08-26T14:26:18.449+00:00""}",d37fd4bb-1c71-4dca-b97e-292355918d39,d730da06-030a-4921-bdb4-96b335a21d58,2026-09-01,,INSTAURADO CUMPRIMENTO DE SENTENÇA,Encerrado,Normal,ENCERRADO,,JVA / GM,MATHEUS,,,,1012400-86.2024.8.26.0002,TJSP,,2024-11-29 14:11:14+00,Expedição de documento,2026-08-26 14:26:18.449+00,false,false,,false,,,,,false,,2026-08-26 14:26:18.449+00,2026-08-26 14:26:18.449+00,false,,,https://comunica.pje.jus.br/#/consulta?numeroProcesso=1012400-86.2024.8.26.0002,0,40,,,,,,,,,,,BRASILEIRA,,,,,,af1b75ea-cb64-4ebc-b4ad-ce1ce1fc01c5,af1b75ea-cb64-4ebc-b4ad-ce1ce1fc01c5,false,,false,,{},,false,,false,,2026-09-01 19:43:42.777181+00
206687,2026-07-27 17:42:34.299083+00,"{""id"": ""206687"", ""risco"": ""Crítico"", ""status"": ""Vencido"", ""cliente"": ""MARCIO LINDENBERG SILVA AIRES"", ""advogado"": ""ANDRESSA"", ""situacao"": ""EM ANDAMENTO"", ""telefone"": """", ""tribunal"": ""TJSP"", ""protocolo"": ""4041523-44.2025.8.26.0002"", ""created_by"": ""d269f309-a461-4f01-b894-d3a7b54a4b7c"", ""djen_count"": 7, ""escritorio"": ""JVA / GM"", ""observacao"": ""IMPROCEDENTE 1º INSTNCIA"", ""auditado_em"": ""2026-08-13"", ""evento_tipo"": ""sentenca_improcedente"", ""atendido_por"": null, ""auditado_por"": ""4581d2fe-c358-45f9-a1bd-f90f93dce0fc"", ""datajud_hash"": ""MjAyNi0wNy0wMVQwMTo0Mzo1MC4wMDBa"", ""diasFaltando"": -21, ""evento_fonte"": ""djen"", ""linkConsulta"": ""https://www.google.com/search?q=consulta+processo+TJSP+4041523-44.2025.8.26.0002"", ""proximoPrazo"": ""2026-08-11"", ""statusManual"": ""Automatico"", ""evento_resumo"": ""Sentença improcedente"", ""nacionalidade"": ""BRASILEIRA"", ""ultimoRetorno"": ""2026-07-28"", ""djen_ultima_data"": ""2026-07-31T00:00:00.000Z"", ""djen_ultimo_link"": ""https://eproc2g.tjsp.jus.br/eproc/externo_controlador.php?acao=processo_distribuicao_listar&sinPesquisar=S&numProcesso=40415234420258260002&hash=04674cf51254f5a8da514c7711759f10e2d7ff73a4c61af31fbb3c4d72482fc5"", ""djen_consultado_em"": ""2026-08-26T01:56:15.255Z"", ""djen_ultimo_resumo"": ""Processo 4041523-44.2025.8.26.0002 distribuido para Gab. 01 - 12ª Câmara de Direito Privado - 12ª Câmara de Direito Priv…"", ""tem_novo_andamento"": true, ""datajud_ultimo_nome"": ""Decurso de Prazo"", ""datajud_consultado_em"": ""2026-08-26T01:56:15.255+00:00"", ""djen_nova_comunicacao"": true, ""busca_apreensao_motivo"": null, ""em_cumprimento_sentenca"": false, ""indicio_busca_apreensao"": false, ""datajud_encerrado_motivo"": null, ""datajud_ultimo_movimento"": ""2026-07-01T01:43:50+00:00"", ""busca_apreensao_confianca"": null, ""datajud_encerrado_tribunal"": false, ""cumprimento_sentenca_motivo"": null, ""tem_atualizacao_pos_retorno"": false, ""busca_apreensao_consultado_em"": ""2026-08-03T04:15:21.979+00:00"", ""cumprimento_sentenca_consultado_em"": ""2026-08-26T01:56:15.254+00:00""}",d37fd4bb-1c71-4dca-b97e-292355918d39,d269f309-a461-4f01-b894-d3a7b54a4b7c,2026-07-28,2026-08-11,IMPROCEDENTE 1º INSTNCIA,Vencido,Crítico,EM ANDAMENTO,,JVA / GM,ANDRESSA,,,,4041523-44.2025.8.26.0002,TJSP,,2026-07-01 01:43:50+00,Decurso de Prazo,2026-08-26 01:56:15.255+00,false,false,,false,,,2026-08-03 04:15:21.979+00,MjAyNi0wNy0wMVQwMTo0Mzo1MC4wMDBa,false,,2026-08-26 01:56:15.254+00,2026-08-26 01:56:15.255+00,true,2026-07-31T00:00:00.000Z,Processo 4041523-44.2025.8.26.0002 distribuido para Gab. 01 - 12ª Câmara de Direito Privado - 12ª Câmara de Direito Priv…,https://eproc2g.tjsp.jus.br/eproc/externo_controlador.php?acao=processo_distribuicao_listar&sinPesquisar=S&numProcesso=40415234420258260002&hash=04674cf51254f5a8da514c7711759f10e2d7ff73a4c61af31fbb3c4d72482fc5,7,80,true,true,,,,,,,,,BRASILEIRA,,,,,2026-08-13,4581d2fe-c358-45f9-a1bd-f90f93dce0fc,,false,,false,,{},,false,,false,,2026-09-01 19:43:42.777181+00
206711,2026-07-27 17:42:34.299083+00,"{""id"": ""206711"", ""risco"": ""Normal"", ""status"": ""Encerrado"", ""cliente"": ""NAELE LAWALL CRAVO"", ""advogado"": ""ERALDO / MATHEUS"", ""situacao"": ""ENCERRADO"", ""telefone"": ""6186536260"", ""tribunal"": ""TJDF"", ""protocolo"": ""0706913-06.2024.8.07.0014"", ""created_by"": ""e72a59fd-d85f-4b4d-bbe1-1966249a14cf"", ""djen_count"": 0, ""escritorio"": ""JVA / GM"", ""observacao"": """", ""auditado_em"": null, ""evento_tipo"": ""rotina"", ""atendido_por"": ""af1b75ea-cb64-4ebc-b4ad-ce1ce1fc01c5"", ""auditado_por"": ""af1b75ea-cb64-4ebc-b4ad-ce1ce1fc01c5"", ""datajud_hash"": null, ""diasFaltando"": null, ""evento_fonte"": null, ""linkConsulta"": ""https://www.google.com/search?q=consulta+processo+TJDF+0706913-06.2024.8.07.0014"", ""proximoPrazo"": """", ""statusManual"": ""Encerrado"", ""evento_resumo"": null, ""nacionalidade"": ""BRASILEIRA"", ""ultimoRetorno"": ""2026-09-01"", ""djen_ultima_data"": null, ""djen_ultimo_link"": ""https://comunica.pje.jus.br/#/consulta?numeroProcesso=0706913-06.2024.8.07.0014"", ""djen_consultado_em"": ""2026-08-26T17:09:11.513Z"", ""djen_ultimo_resumo"": null, ""tem_novo_andamento"": false, ""datajud_ultimo_nome"": null, ""datajud_consultado_em"": ""2026-08-26T17:09:11.513+00:00"", ""djen_nova_comunicacao"": false, ""busca_apreensao_motivo"": null, ""em_cumprimento_sentenca"": false, ""indicio_busca_apreensao"": false, ""datajud_encerrado_motivo"": null, ""datajud_ultimo_movimento"": null, ""busca_apreensao_confianca"": null, ""datajud_encerrado_tribunal"": false, ""cumprimento_sentenca_motivo"": null, ""tem_atualizacao_pos_retorno"": false, ""busca_apreensao_consultado_em"": null, ""cumprimento_sentenca_consultado_em"": ""2026-08-26T17:09:11.513+00:00""}",d37fd4bb-1c71-4dca-b97e-292355918d39,e72a59fd-d85f-4b4d-bbe1-1966249a14cf,2026-09-01,,,Encerrado,Normal,ENCERRADO,,JVA / GM,ERALDO / MATHEUS,,,6186536260,0706913-06.2024.8.07.0014,TJDF,,,,2026-08-26 17:09:11.513+00,false,false,,false,,,,,false,,2026-08-26 17:09:11.513+00,2026-08-26 17:09:11.513+00,false,,,https://comunica.pje.jus.br/#/consulta?numeroProcesso=0706913-06.2024.8.07.0014,0,40,,,,,,,,,,,BRASILEIRA,,,,,,af1b75ea-cb64-4ebc-b4ad-ce1ce1fc01c5,af1b75ea-cb64-4ebc-b4ad-ce1ce1fc01c5,false,,false,,{},,false,,false,,2026-09-01 19:43:42.777181+00
206781,2026-07-27 17:42:34.299083+00,"{""id"": ""206781"", ""risco"": ""Normal"", ""status"": ""Encerrado"", ""cliente"": ""VALMIR FERREIRA QUEIROZ"", ""advogado"": ""MATHEUS"", ""situacao"": ""ENCERRADO"", ""telefone"": ""6199351435"", ""tribunal"": ""TJDF"", ""protocolo"": ""0714390-07.2024.8.07.0006"", ""created_by"": ""4581d2fe-c358-45f9-a1bd-f90f93dce0fc"", ""djen_count"": 3, ""escritorio"": ""JVA / GM"", ""observacao"": ""IMPROCEDENTE EM 2 INSTNCIAS | SEM SISTEMA"", ""auditado_em"": null, ""evento_tipo"": ""rotina"", ""atendido_por"": ""af1b75ea-cb64-4ebc-b4ad-ce1ce1fc01c5"", ""auditado_por"": ""af1b75ea-cb64-4ebc-b4ad-ce1ce1fc01c5"", ""datajud_hash"": null, ""diasFaltando"": null, ""evento_fonte"": null, ""linkConsulta"": ""https://www.google.com/search?q=consulta+processo+TJDF+0714390-07.2024.8.07.0006"", ""proximoPrazo"": """", ""statusManual"": ""Encerrado"", ""evento_resumo"": null, ""nacionalidade"": ""BRASILEIRA"", ""ultimoRetorno"": ""2026-09-01"", ""djen_ultima_data"": ""2025-11-24T00:00:00.000Z"", ""djen_ultimo_link"": ""https://pje.tjdft.jus.br/pje/Processo/ConsultaDocumento/listView.seam?x=25111609105600400000233315691"", ""djen_consultado_em"": ""2026-08-26T17:10:35.201Z"", ""djen_ultimo_resumo"": ""Sentença / decisão de mérito"", ""tem_novo_andamento"": false, ""datajud_ultimo_nome"": null, ""datajud_consultado_em"": ""2026-08-26T17:10:35.2+00:00"", ""djen_nova_comunicacao"": false, ""busca_apreensao_motivo"": null, ""em_cumprimento_sentenca"": false, ""indicio_busca_apreensao"": false, ""datajud_encerrado_motivo"": null, ""datajud_ultimo_movimento"": null, ""busca_apreensao_confianca"": null, ""datajud_encerrado_tribunal"": false, ""cumprimento_sentenca_motivo"": null, ""tem_atualizacao_pos_retorno"": false, ""busca_apreensao_consultado_em"": null, ""cumprimento_sentenca_consultado_em"": ""2026-08-26T17:10:35.2+00:00""}",d37fd4bb-1c71-4dca-b97e-292355918d39,4581d2fe-c358-45f9-a1bd-f90f93dce0fc,2026-09-01,,IMPROCEDENTE EM 2 INSTNCIAS | SEM SISTEMA,Encerrado,Normal,ENCERRADO,,JVA / GM,MATHEUS,,,6199351435,0714390-07.2024.8.07.0006,TJDF,,,,2026-08-26 17:10:35.2+00,false,false,,false,,,,,false,,2026-08-26 17:10:35.2+00,2026-08-26 17:10:35.201+00,false,2025-11-24T00:00:00.000Z,Sentença / decisão de mérito,https://pje.tjdft.jus.br/pje/Processo/ConsultaDocumento/listView.seam?x=25111609105600400000233315691,3,40,,,,,,,,,,,BRASILEIRA,,,,,,af1b75ea-cb64-4ebc-b4ad-ce1ce1fc01c5,af1b75ea-cb64-4ebc-b4ad-ce1ce1fc01c5,false,,false,,{},,false,,false,,2026-09-01 19:43:42.777181+00
208083,2026-07-27 19:52:29.547373+00,"{""id"": ""208083"", ""risco"": ""Normal"", ""status"": ""Encerrado"", ""cliente"": ""ADESOELIA LIMA COSTA"", ""advogado"": ""MATHEUS"", ""situacao"": ""ENCERRADO"", ""telefone"": ""31922369769"", ""tribunal"": ""TJMG"", ""protocolo"": ""5179571-91.2024.8.13.0024"", ""created_by"": ""d730da06-030a-4921-bdb4-96b335a21d58"", ""djen_count"": 7, ""escritorio"": ""JVA / GM"", ""observacao"": ""JG DEFERIDA / IMPROCEDENTE/ NÃO APRESENTAMOS APELAÇÃO / AGUARDANDO O TRANSITO EM JULGADO "", ""auditado_em"": null, ""evento_tipo"": ""transito_ou_baixa"", ""atendido_por"": ""d269f309-a461-4f01-b894-d3a7b54a4b7c"", ""auditado_por"": null, ""datajud_hash"": ""MjAyNi0wNi0wM1QxNDo1NDo0Ni4wMDBa"", ""diasFaltando"": null, ""evento_fonte"": null, ""linkConsulta"": ""https://www.google.com/search?q=consulta+processo+TJMG+5179571-91.2024.8.13.0024"", ""proximoPrazo"": """", ""statusManual"": ""Encerrado"", ""evento_resumo"": null, ""nacionalidade"": ""BRASILEIRA"", ""ultimoRetorno"": ""2026-09-01"", ""djen_ultima_data"": ""2026-06-25T00:00:00.000Z"", ""djen_ultimo_link"": ""https://eproc1g.tjmg.jus.br/eproc/externo_controlador.php?acao=consulta_publica_documento&numProcesso=51795719120248130024&idDocumento=11782158974384933482914277212&hash=122df6897866aa46f6096352bc8e71f99fefe40e2ef95a6c167a6d840871caaf"", ""djen_consultado_em"": ""2026-09-01T18:43:13.202Z"", ""djen_ultimo_resumo"": ""Trânsito em julgado"", ""tem_novo_andamento"": false, ""datajud_ultimo_nome"": ""Expedida/Certificada"", ""datajud_consultado_em"": ""2026-09-01T18:43:13.201+00:00"", ""djen_nova_comunicacao"": false, ""busca_apreensao_motivo"": null, ""em_cumprimento_sentenca"": false, ""indicio_busca_apreensao"": false, ""datajud_encerrado_motivo"": null, ""datajud_ultimo_movimento"": ""2026-06-03T14:54:46+00:00"", ""busca_apreensao_confianca"": null, ""datajud_encerrado_tribunal"": true, ""cumprimento_sentenca_motivo"": null, ""tem_atualizacao_pos_retorno"": false, ""busca_apreensao_consultado_em"": ""2026-08-03T04:11:18.583+00:00"", ""cumprimento_sentenca_consultado_em"": ""2026-09-01T18:43:13.201+00:00""}",d37fd4bb-1c71-4dca-b97e-292355918d39,d730da06-030a-4921-bdb4-96b335a21d58,2026-09-01,,"JG DEFERIDA / IMPROCEDENTE/ NÃO APRESENTAMOS APELAÇÃO / AGUARDANDO O TRANSITO EM JULGADO ",Encerrado,Normal,ENCERRADO,,JVA / GM,MATHEUS,,,31922369769,5179571-91.2024.8.13.0024,TJMG,,2026-06-03 14:54:46+00,Expedida/Certificada,2026-09-01 18:43:13.201+00,false,true,,false,,,2026-08-03 04:11:18.583+00,MjAyNi0wNi0wM1QxNDo1NDo0Ni4wMDBa,false,,2026-09-01 18:43:13.201+00,2026-09-01 18:43:13.202+00,false,2026-06-25T00:00:00.000Z,Trânsito em julgado,https://eproc1g.tjmg.jus.br/eproc/externo_controlador.php?acao=consulta_publica_documento&numProcesso=51795719120248130024&idDocumento=11782158974384933482914277212&hash=122df6897866aa46f6096352bc8e71f99fefe40e2ef95a6c167a6d840871caaf,7,90,true,true,,,,,,,,,BRASILEIRA,,,,,,,d269f309-a461-4f01-b894-d3a7b54a4b7c,false,,false,2026-09-01 18:43:13.49+00,{},,false,,false,,2026-09-01 19:43:42.339702+00
208084,2026-07-27 19:52:29.547373+00,"{""id"": ""208084"", ""risco"": ""Normal"", ""status"": ""No Prazo"", ""cliente"": ""ADRIANA CRISTINA VICTO"", ""advogado"": ""PABLO MATHEUS"", ""situacao"": ""EM ANDAMENTO"", ""telefone"": ""4396537932"", ""tribunal"": ""TJPR"", ""protocolo"": ""0006745-32.2026.8.16.0044"", ""created_by"": ""d269f309-a461-4f01-b894-d3a7b54a4b7c"", ""djen_count"": 5, ""escritorio"": ""MEDIARI"", ""observacao"": ""Apresentamos a réplica, agora estamos aguardando a manifestação do juiz."", ""auditado_em"": ""2026-08-28"", ""evento_tipo"": ""novo_andamento_relevante"", ""atendido_por"": ""e72a59fd-d85f-4b4d-bbe1-1966249a14cf"", ""auditado_por"": ""d730da06-030a-4921-bdb4-96b335a21d58"", ""datajud_hash"": ""MjAyNi0wNi0zMFQxNToyNzowOC4wMDBa"", ""diasFaltando"": 15, ""evento_fonte"": null, ""linkConsulta"": ""https://www.google.com/search?q=consulta+processo+TJPR+0006745-32.2026.8.16.0044"", ""proximoPrazo"": ""2026-09-16"", ""statusManual"": ""Automatico"", ""evento_resumo"": ""Intimação / ciência"", ""nacionalidade"": ""BRASILEIRA"", ""ultimoRetorno"": ""2026-08-28"", ""djen_ultima_data"": ""2026-08-14T00:00:00.000Z"", ""djen_ultimo_link"": ""https://projudi.tjpr.jus.br/projudi/processo/validacaoDocumentos.do?_tj=8a6c53f8698c7ff7826b4c776d71316d1925abc508bbf0c37395a1a670526233375d63fe46f2245bb2709fde1139731fb2556b5219b05fec"", ""djen_consultado_em"": ""2026-08-26T11:40:00.315Z"", ""djen_ultimo_resumo"": ""Intimação / ciência"", ""tem_novo_andamento"": false, ""datajud_ultimo_nome"": ""Expedição de documento"", ""datajud_consultado_em"": ""2026-08-26T11:40:00.315+00:00"", ""djen_nova_comunicacao"": false, ""busca_apreensao_motivo"": null, ""em_cumprimento_sentenca"": false, ""indicio_busca_apreensao"": false, ""datajud_encerrado_motivo"": null, ""datajud_ultimo_movimento"": ""2026-06-30T15:27:08+00:00"", ""busca_apreensao_confianca"": null, ""datajud_encerrado_tribunal"": false, ""cumprimento_sentenca_motivo"": null, ""tem_atualizacao_pos_retorno"": false, ""busca_apreensao_consultado_em"": ""2026-08-03T03:52:17.399+00:00"", ""cumprimento_sentenca_consultado_em"": ""2026-08-26T11:40:00.314+00:00""}",d37fd4bb-1c71-4dca-b97e-292355918d39,d269f309-a461-4f01-b894-d3a7b54a4b7c,2026-08-28,2026-09-16,"Apresentamos a réplica, agora estamos aguardando a manifestação do juiz.",No Prazo,Normal,EM ANDAMENTO,,MEDIARI,PABLO MATHEUS,,,4396537932,0006745-32.2026.8.16.0044,TJPR,,2026-06-30 15:27:08+00,Expedição de documento,2026-08-26 11:40:00.315+00,false,false,,false,,,2026-08-03 03:52:17.399+00,MjAyNi0wNi0zMFQxNToyNzowOC4wMDBa,false,,2026-08-26 11:40:00.314+00,2026-08-26 11:40:00.315+00,false,2026-08-14T00:00:00.000Z,Intimação / ciência,https://projudi.tjpr.jus.br/projudi/processo/validacaoDocumentos.do?_tj=8a6c53f8698c7ff7826b4c776d71316d1925abc508bbf0c37395a1a670526233375d63fe46f2245bb2709fde1139731fb2556b5219b05fec,5,40,true,true,,,,,,,,,BRASILEIRA,,,,,,,e72a59fd-d85f-4b4d-bbe1-1966249a14cf,false,,false,,{},,false,,false,,2026-09-01 19:43:41.131877+00
208085,2026-07-27 19:52:29.547373+00,"{""id"": ""208085"", ""risco"": ""Normal"", ""status"": ""Encerrado"", ""cliente"": ""ADRIANA MALVEZZI MESQUITA DE AGUIAR"", ""advogado"": ""MATHEUS"", ""situacao"": ""ENCERRADO"", ""telefone"": ""11970510383"", ""tribunal"": ""TJSP"", ""protocolo"": ""1034073-69.2023.8.26.0003"", ""created_by"": ""e72a59fd-d85f-4b4d-bbe1-1966249a14cf"", ""djen_count"": 6, ""escritorio"": ""HUGS"", ""observacao"": ""CUMPRIMENTO DE SENTENÇA / AGUARDANDO A MANIFESTAÇÃO DA FINANCEIRA "", ""auditado_em"": ""2026-08-13"", ""evento_tipo"": ""transito_ou_baixa"", ""atendido_por"": ""d730da06-030a-4921-bdb4-96b335a21d58"", ""auditado_por"": ""e72a59fd-d85f-4b4d-bbe1-1966249a14cf"", ""datajud_hash"": ""MjAyNS0xMi0xMVQxNjoxMDo0OC4wMDBa"", ""diasFaltando"": null, ""evento_fonte"": null, ""linkConsulta"": ""https://www.google.com/search?q=consulta+processo+TJSP+1034073-69.2023.8.26.0003"", ""proximoPrazo"": """", ""statusManual"": ""Encerrado"", ""evento_resumo"": ""BAIXA DEFINITIVA"", ""nacionalidade"": ""BRASILEIRA"", ""ultimoRetorno"": ""2026-09-01"", ""djen_ultima_data"": ""2026-03-25T00:00:00.000Z"", ""djen_ultimo_link"": ""https://www.dje.tjsp.jus.br"", ""djen_consultado_em"": ""2026-09-01T18:43:42.375Z"", ""djen_ultimo_resumo"": ""Trânsito em julgado"", ""tem_novo_andamento"": false, ""datajud_ultimo_nome"": ""Expedição de documento"", ""datajud_consultado_em"": ""2026-09-01T18:43:42.374+00:00"", ""djen_nova_comunicacao"": false, ""busca_apreensao_motivo"": null, ""em_cumprimento_sentenca"": true, ""indicio_busca_apreensao"": false, ""datajud_encerrado_motivo"": ""BAIXA DEFINITIVA"", ""datajud_ultimo_movimento"": ""2025-12-11T16:10:48+00:00"", ""busca_apreensao_confianca"": null, ""datajud_encerrado_tribunal"": true, ""cumprimento_sentenca_motivo"": null, ""tem_atualizacao_pos_retorno"": false, ""busca_apreensao_consultado_em"": ""2026-08-03T03:59:27.19+00:00"", ""cumprimento_sentenca_consultado_em"": ""2026-09-01T18:43:42.374+00:00""}",d37fd4bb-1c71-4dca-b97e-292355918d39,e72a59fd-d85f-4b4d-bbe1-1966249a14cf,2026-09-01,,"CUMPRIMENTO DE SENTENÇA / AGUARDANDO A MANIFESTAÇÃO DA FINANCEIRA ",Encerrado,Normal,ENCERRADO,,HUGS,MATHEUS,,,11970510383,1034073-69.2023.8.26.0003,TJSP,,2025-12-11 16:10:48+00,Expedição de documento,2026-09-01 18:43:42.374+00,false,true,BAIXA DEFINITIVA,false,,,2026-08-03 03:59:27.19+00,MjAyNS0xMi0xMVQxNjoxMDo0OC4wMDBa,true,,2026-09-01 18:43:42.374+00,2026-09-01 18:43:42.375+00,false,2026-03-25T00:00:00.000Z,Trânsito em julgado,https://www.dje.tjsp.jus.br,6,90,true,true,,,,,,,,,BRASILEIRA,,,,,2026-08-13,e72a59fd-d85f-4b4d-bbe1-1966249a14cf,d730da06-030a-4921-bdb4-96b335a21d58,false,,false,2026-09-01 18:43:42.674+00,{},,false,,false,,2026-09-01 19:43:41.632538+00
208086,2026-07-27 19:52:29.547373+00,"{""id"": ""208086"", ""risco"": ""Normal"", ""status"": ""Atenção"", ""cliente"": ""ADRIANO MACHADO"", ""advogado"": ""ANDRESSA"", ""situacao"": ""EM ANDAMENTO"", ""telefone"": ""4799606382"", ""tribunal"": ""TJSP"", ""protocolo"": ""4021216-32.2026.8.26.0100"", ""created_by"": ""4581d2fe-c358-45f9-a1bd-f90f93dce0fc"", ""djen_count"": 3, ""escritorio"": ""JVA / GM"", ""observacao"": ""AGUARDANDO A DOCUMENTAÇÃO / CONCLUSOS"", ""auditado_em"": null, ""evento_tipo"": ""rotina"", ""atendido_por"": ""4581d2fe-c358-45f9-a1bd-f90f93dce0fc"", ""auditado_por"": null, ""datajud_hash"": ""MjAyNi0wNy0wN1QxMzoxODo0Ny4wMDBa"", ""diasFaltando"": 3, ""evento_fonte"": null, ""linkConsulta"": ""https://www.google.com/search?q=consulta+processo+TJSP+4021216-32.2026.8.26.0100"", ""proximoPrazo"": ""2026-09-04"", ""statusManual"": ""Automatico"", ""evento_resumo"": null, ""nacionalidade"": ""BRASILEIRA"", ""ultimoRetorno"": ""2026-08-20"", ""djen_ultima_data"": ""2026-06-22T00:00:00.000Z"", ""djen_ultimo_link"": ""https://eproc1g.tjsp.jus.br/eproc/externo_controlador.php?acao=consulta_publica_documento&numProcesso=40212163220268260100&idDocumento=611781955241008720552374774881&hash=d7089c6d56602604dbb7375aa68100e49674d3b21b71185dda6783a66cd57290"", ""djen_consultado_em"": ""2026-08-17T15:10:51.718Z"", ""djen_ultimo_resumo"": ""Extinção / cancelamento da distribuição"", ""tem_novo_andamento"": false, ""datajud_ultimo_nome"": ""Conclusão"", ""datajud_consultado_em"": ""2026-08-17T15:10:51.718+00:00"", ""djen_nova_comunicacao"": false, ""busca_apreensao_motivo"": null, ""em_cumprimento_sentenca"": false, ""indicio_busca_apreensao"": false, ""datajud_encerrado_motivo"": null, ""datajud_ultimo_movimento"": ""2026-07-07T13:18:47+00:00"", ""busca_apreensao_confianca"": null, ""datajud_encerrado_tribunal"": false, ""cumprimento_sentenca_motivo"": null, ""tem_atualizacao_pos_retorno"": false, ""busca_apreensao_consultado_em"": ""2026-08-03T04:02:35.534+00:00"", ""cumprimento_sentenca_consultado_em"": ""2026-08-17T15:10:51.718+00:00""}",d37fd4bb-1c71-4dca-b97e-292355918d39,4581d2fe-c358-45f9-a1bd-f90f93dce0fc,2026-08-20,2026-09-04,AGUARDANDO A DOCUMENTAÇÃO / CONCLUSOS,Atenção,Normal,EM ANDAMENTO,,JVA / GM,ANDRESSA,,,4799606382,4021216-32.2026.8.26.0100,TJSP,,2026-07-07 13:18:47+00,Conclusão,2026-08-17 15:10:51.718+00,false,false,,false,,,2026-08-03 04:02:35.534+00,MjAyNi0wNy0wN1QxMzoxODo0Ny4wMDBa,false,,2026-08-17 15:10:51.718+00,2026-08-17 15:10:51.718+00,false,2026-06-22T00:00:00.000Z,Extinção / cancelamento da distribuição,https://eproc1g.tjsp.jus.br/eproc/externo_controlador.php?acao=consulta_publica_documento&numProcesso=40212163220268260100&idDocumento=611781955241008720552374774881&hash=d7089c6d56602604dbb7375aa68100e49674d3b21b71185dda6783a66cd57290,3,40,true,true,,,,,,,,,BRASILEIRA,,,,,,,4581d2fe-c358-45f9-a1bd-f90f93dce0fc,false,,false,,{},,false,,false,,2026-09-01 19:43:41.853321+00
208087,2026-07-27 19:52:29.547373+00,"{""id"": ""208087"", ""risco"": ""Normal"", ""status"": ""No Prazo"", ""cliente"": ""AGUINALDO GONCALVES DA ROCHA"", ""advogado"": ""DIEGO"", ""situacao"": ""EM ANDAMENTO"", ""telefone"": ""11973254768"", ""tribunal"": ""TJSP"", ""protocolo"": ""4004295-36.2026.8.26.0152"", ""created_by"": ""d730da06-030a-4921-bdb4-96b335a21d58"", ""djen_count"": 5, ""escritorio"": ""MEDIARI"", ""observacao"": ""RÉPLICA REALIZADA AGUARDANDO SENTENÇA"", ""auditado_em"": ""2026-08-13"", ""evento_tipo"": ""rotina"", ""atendido_por"": ""d269f309-a461-4f01-b894-d3a7b54a4b7c"", ""auditado_por"": ""e72a59fd-d85f-4b4d-bbe1-1966249a14cf"", ""datajud_hash"": ""MjAyNi0wNi0zMFQwMzoxODo0OC4wMDBa"", ""diasFaltando"": 13, ""evento_fonte"": null, ""linkConsulta"": ""https://www.google.com/search?q=consulta+processo+TJSP+4004295-36.2026.8.26.0152"", ""proximoPrazo"": ""2026-09-14"", ""statusManual"": ""Automatico"", ""evento_resumo"": null, ""nacionalidade"": ""BRASILEIRO"", ""ultimoRetorno"": ""2026-08-27"", ""djen_ultima_data"": ""2026-07-23T00:00:00.000Z"", ""djen_ultimo_link"": ""https://eproc1g.tjsp.jus.br/eproc/externo_controlador.php?acao=consulta_publica_documento&numProcesso=40042953620268260152&idDocumento=611784722005808427234585843240&hash=2df95d8365de1e525e227fada265e1f8860affc4d597f34f50c2f517958666bc"", ""djen_consultado_em"": ""2026-08-26T11:51:26.978Z"", ""djen_ultimo_resumo"": ""Procedimento Comum Cível Nº 4004295-36.2026.8.26.0152/SP Assunto: Alienação fiduciária AUTOR : AGUINALDO GONCALVES DA RO…"", ""tem_novo_andamento"": false, ""datajud_ultimo_nome"": ""Decurso de Prazo"", ""datajud_consultado_em"": ""2026-08-26T11:51:26.978+00:00"", ""djen_nova_comunicacao"": false, ""busca_apreensao_motivo"": null, ""em_cumprimento_sentenca"": false, ""indicio_busca_apreensao"": false, ""datajud_encerrado_motivo"": null, ""datajud_ultimo_movimento"": ""2026-06-30T03:18:48+00:00"", ""busca_apreensao_confianca"": null, ""datajud_encerrado_tribunal"": false, ""cumprimento_sentenca_motivo"": null, ""tem_atualizacao_pos_retorno"": false, ""busca_apreensao_consultado_em"": ""2026-08-03T03:53:55.814+00:00"", ""cumprimento_sentenca_consultado_em"": ""2026-08-26T11:51:26.978+00:00""}",d37fd4bb-1c71-4dca-b97e-292355918d39,d730da06-030a-4921-bdb4-96b335a21d58,2026-08-27,2026-09-14,RÉPLICA REALIZADA AGUARDANDO SENTENÇA,No Prazo,Normal,EM ANDAMENTO,,MEDIARI,DIEGO,,,11973254768,4004295-36.2026.8.26.0152,TJSP,,2026-06-30 03:18:48+00,Decurso de Prazo,2026-08-26 11:51:26.978+00,false,false,,false,,,2026-08-03 03:53:55.814+00,MjAyNi0wNi0zMFQwMzoxODo0OC4wMDBa,false,,2026-08-26 11:51:26.978+00,2026-08-26 11:51:26.978+00,false,2026-07-23T00:00:00.000Z,Procedimento Comum Cível Nº 4004295-36.2026.8.26.0152/SP Assunto: Alienação fiduciária AUTOR : AGUINALDO GONCALVES DA RO…,https://eproc1g.tjsp.jus.br/eproc/externo_controlador.php?acao=consulta_publica_documento&numProcesso=40042953620268260152&idDocumento=611784722005808427234585843240&hash=2df95d8365de1e525e227fada265e1f8860affc4d597f34f50c2f517958666bc,5,40,true,true,,,,,,,,,BRASILEIRA,,,,,2026-08-13,e72a59fd-d85f-4b4d-bbe1-1966249a14cf,d269f309-a461-4f01-b894-d3a7b54a4b7c,false,,false,,{},,false,,false,,2026-09-01 19:43:42.579127+00
208088,2026-07-27 19:52:29.547373+00,"{""id"": ""208088"", ""risco"": ""Normal"", ""status"": ""No Prazo"", ""cliente"": ""ALESSANDRA AMARAL CHAVES"", ""advogado"": ""GILBERTO / MATHEUS"", ""situacao"": ""EM ANDAMENTO"", ""telefone"": """", ""tribunal"": ""TJMG"", ""protocolo"": ""5001780-92.2025.8.13.0027"", ""created_by"": ""d269f309-a461-4f01-b894-d3a7b54a4b7c"", ""djen_count"": 6, ""escritorio"": ""JVA / GM"", ""observacao"": ""IMPROCEDENTE 1º INSTNCIA / ANDAMENTO SISTEMICO"", ""auditado_em"": ""2026-08-18"", ""evento_tipo"": ""sentenca_improcedente"", ""atendido_por"": ""e72a59fd-d85f-4b4d-bbe1-1966249a14cf"", ""auditado_por"": ""d269f309-a461-4f01-b894-d3a7b54a4b7c"", ""datajud_hash"": ""MjAyNi0wNi0xN1QxNTo0MzozNC4wMDBa"", ""diasFaltando"": 7, ""evento_fonte"": null, ""linkConsulta"": ""https://www.google.com/search?q=consulta+processo+TJMG+5001780-92.2025.8.13.0027"", ""proximoPrazo"": ""2026-09-08"", ""statusManual"": ""Automatico"", ""evento_resumo"": ""Sentença improcedente"", ""nacionalidade"": ""BRASILEIRA"", ""ultimoRetorno"": ""2026-08-18"", ""djen_ultima_data"": ""2026-07-10T00:00:00.000Z"", ""djen_ultimo_link"": ""http://pje1gmni-poapp02.intra.tjmg.gov.br:8080/pje/Processo/ConsultaDocumento/listView.seam?x=26070917483830300010707831800"", ""djen_consultado_em"": ""2026-08-17T16:36:32.239Z"", ""djen_ultimo_resumo"": ""PODER JUDICIÁRIO DO ESTADO DE MINAS GERAIS Justiça de Primeira Instância Comarca de Betim / 4ª Vara Cível da Comarca de …"", ""tem_novo_andamento"": false, ""datajud_ultimo_nome"": ""Improcedência"", ""datajud_consultado_em"": ""2026-08-17T16:36:32.239+00:00"", ""djen_nova_comunicacao"": false, ""busca_apreensao_motivo"": null, ""em_cumprimento_sentenca"": false, ""indicio_busca_apreensao"": false, ""datajud_encerrado_motivo"": null, ""datajud_ultimo_movimento"": ""2026-06-17T15:43:34+00:00"", ""busca_apreensao_confianca"": null, ""datajud_encerrado_tribunal"": false, ""cumprimento_sentenca_motivo"": null, ""tem_atualizacao_pos_retorno"": false, ""busca_apreensao_consultado_em"": ""2026-08-03T03:42:45.566+00:00"", ""cumprimento_sentenca_consultado_em"": ""2026-08-17T16:36:32.239+00:00""}",d37fd4bb-1c71-4dca-b97e-292355918d39,d269f309-a461-4f01-b894-d3a7b54a4b7c,2026-08-18,2026-09-08,IMPROCEDENTE 1º INSTNCIA / ANDAMENTO SISTEMICO,No Prazo,Normal,EM ANDAMENTO,,JVA / GM,GILBERTO / MATHEUS,,,,5001780-92.2025.8.13.0027,TJMG,,2026-06-17 15:43:34+00,Improcedência,2026-08-17 16:36:32.239+00,false,false,,false,,,2026-08-03 03:42:45.566+00,MjAyNi0wNi0xN1QxNTo0MzozNC4wMDBa,false,,2026-08-17 16:36:32.239+00,2026-08-17 16:36:32.239+00,false,2026-07-10T00:00:00.000Z,PODER JUDICIÁRIO DO ESTADO DE MINAS GERAIS Justiça de Primeira Instância Comarca de Betim / 4ª Vara Cível da Comarca de …,http://pje1gmni-poapp02.intra.tjmg.gov.br:8080/pje/Processo/ConsultaDocumento/listView.seam?x=26070917483830300010707831800,6,40,true,true,,,,,,,,,BRASILEIRA,,,,,,,e72a59fd-d85f-4b4d-bbe1-1966249a14cf,false,,false,,{},,false,,false,,2026-09-01 19:43:42.339702+00
208089,2026-07-27 19:52:29.547373+00,"{""id"": ""208089"", ""risco"": ""Normal"", ""status"": ""No Prazo"", ""cliente"": ""ALESSANDRO NAPOLEAO MARQUES"", ""advogado"": ""ANDRESSA"", ""situacao"": ""EM ANDAMENTO"", ""telefone"": ""85996568411"", ""tribunal"": ""TJSP"", ""protocolo"": ""4022840-22.2026.8.26.0002"", ""created_by"": ""e72a59fd-d85f-4b4d-bbe1-1966249a14cf"", ""djen_count"": 4, ""escritorio"": """", ""observacao"": ""CONTESTAÇÃO"", ""auditado_em"": ""2026-08-19"", ""evento_tipo"": ""rotina"", ""atendido_por"": ""d730da06-030a-4921-bdb4-96b335a21d58"", ""auditado_por"": ""4581d2fe-c358-45f9-a1bd-f90f93dce0fc"", ""datajud_hash"": ""MjAyNi0wNi0yMlQxNjoxMzowMC4wMDBa"", ""diasFaltando"": 7, ""evento_fonte"": null, ""linkConsulta"": ""https://www.google.com/search?q=consulta+processo+TJSP+4022840-22.2026.8.26.0002"", ""proximoPrazo"": ""2026-09-08"", ""statusManual"": ""Automatico"", ""evento_resumo"": null, ""nacionalidade"": ""BRASILEIRA"", ""ultimoRetorno"": ""2026-08-19"", ""djen_ultima_data"": ""2026-05-25T00:00:00.000Z"", ""djen_ultimo_link"": ""https://eproc1g.tjsp.jus.br/eproc/externo_controlador.php?acao=consulta_publica_documento&numProcesso=40228402220268260002&idDocumento=611779456941760438261315420340&hash=c6992f36b9871935850355c106a74f5cbb0b625b2d9ffaaf973d0d8e6cdcc3e2"", ""djen_consultado_em"": ""2026-08-17T14:26:17.264Z"", ""djen_ultimo_resumo"": ""Custas / preparo"", ""tem_novo_andamento"": false, ""datajud_ultimo_nome"": ""Documento"", ""datajud_consultado_em"": ""2026-08-17T14:26:17.264+00:00"", ""djen_nova_comunicacao"": false, ""busca_apreensao_motivo"": null, ""em_cumprimento_sentenca"": false, ""indicio_busca_apreensao"": false, ""datajud_encerrado_motivo"": null, ""datajud_ultimo_movimento"": ""2026-06-22T16:13:00+00:00"", ""busca_apreensao_confianca"": null, ""datajud_encerrado_tribunal"": false, ""cumprimento_sentenca_motivo"": null, ""tem_atualizacao_pos_retorno"": false, ""busca_apreensao_consultado_em"": ""2026-08-03T04:11:05.635+00:00"", ""cumprimento_sentenca_consultado_em"": ""2026-08-17T14:26:17.264+00:00""}",d37fd4bb-1c71-4dca-b97e-292355918d39,e72a59fd-d85f-4b4d-bbe1-1966249a14cf,2026-08-19,2026-09-08,CONTESTAÇÃO,No Prazo,Normal,EM ANDAMENTO,,,ANDRESSA,,,85996568411,4022840-22.2026.8.26.0002,TJSP,,2026-06-22 16:13:00+00,Documento,2026-08-17 14:26:17.264+00,false,false,,false,,,2026-08-03 04:11:05.635+00,MjAyNi0wNi0yMlQxNjoxMzowMC4wMDBa,false,,2026-08-17 14:26:17.264+00,2026-08-17 14:26:17.264+00,false,2026-05-25T00:00:00.000Z,Custas / preparo,https://eproc1g.tjsp.jus.br/eproc/externo_controlador.php?acao=consulta_publica_documento&numProcesso=40228402220268260002&idDocumento=611779456941760438261315420340&hash=c6992f36b9871935850355c106a74f5cbb0b625b2d9ffaaf973d0d8e6cdcc3e2,4,40,true,true,,,,,,,,,BRASILEIRA,,,,,,,d730da06-030a-4921-bdb4-96b335a21d58,false,,false,,{},,false,,false,,2026-09-01 19:43:42.579127+00
208090,2026-07-27 19:52:29.547373+00,"{""id"": ""208090"", ""risco"": ""Crítico"", ""status"": ""Vencido"", ""cliente"": ""ALEX JUSTINO DA SILVA FERNANDES - DAILY BRANCA"", ""advogado"": ""GILBERTO / MAIKON"", ""situacao"": ""EM ANDAMENTO"", ""telefone"": ""11985429776"", ""tribunal"": ""TJSP"", ""protocolo"": ""1001170-10.2025.8.26.0197"", ""created_by"": ""4581d2fe-c358-45f9-a1bd-f90f93dce0fc"", ""djen_count"": 7, ""escritorio"": ""JVA / GM"", ""observacao"": ""CUSTAS PROCESSUAIS"", ""auditado_em"": null, ""evento_tipo"": ""novo_andamento_relevante"", ""atendido_por"": null, ""auditado_por"": null, ""datajud_hash"": ""MjAyNi0wNC0wMVQxMzozNTo1My4wMDBa"", ""diasFaltando"": -47, ""evento_fonte"": ""djen"", ""linkConsulta"": ""https://www.google.com/search?q=consulta+processo+TJSP+1001170-10.2025.8.26.0197"", ""proximoPrazo"": ""2026-07-16"", ""statusManual"": ""Automatico"", ""evento_resumo"": ""Processo 1001170-10.2025.8.26.0197 - Procedimento Comum Cível - Práticas Abusivas - Alex Justino da Silva Fernandes - …"", ""nacionalidade"": ""BRASILEIRA"", ""ultimoRetorno"": ""2026-07-01"", ""djen_ultima_data"": ""2026-08-11T00:00:00.000Z"", ""djen_ultimo_link"": ""https://eproc1g.tjsp.jus.br/eproc/externo_controlador.php?acao=consulta_publica_documento&numProcesso=10011701020258260197&idDocumento=611786373361611379445155568579&hash=2d6ffe4e4aa7ce0f9d3f8d9a2299584b171922c4cd1f550de067d30a6c3e77ee"", ""djen_consultado_em"": ""2026-08-26T01:18:03.320Z"", ""djen_ultimo_resumo"": ""Intimação / ciência"", ""tem_novo_andamento"": true, ""datajud_ultimo_nome"": ""Petição"", ""datajud_consultado_em"": ""2026-08-26T01:18:03.318+00:00"", ""djen_nova_comunicacao"": true, ""busca_apreensao_motivo"": null, ""em_cumprimento_sentenca"": false, ""indicio_busca_apreensao"": false, ""datajud_encerrado_motivo"": null, ""datajud_ultimo_movimento"": ""2026-04-01T13:35:53+00:00"", ""busca_apreensao_confianca"": null, ""datajud_encerrado_tribunal"": false, ""cumprimento_sentenca_motivo"": null, ""tem_atualizacao_pos_retorno"": false, ""busca_apreensao_consultado_em"": ""2026-08-03T03:59:11.409+00:00"", ""cumprimento_sentenca_consultado_em"": ""2026-08-26T01:18:03.318+00:00""}",d37fd4bb-1c71-4dca-b97e-292355918d39,4581d2fe-c358-45f9-a1bd-f90f93dce0fc,2026-07-01,2026-07-16,CUSTAS PROCESSUAIS,Vencido,Crítico,EM ANDAMENTO,,JVA / GM,GILBERTO / MAIKON,,,11985429776,1001170-10.2025.8.26.0197,TJSP,,2026-04-01 13:35:53+00,Petição,2026-08-26 01:18:03.318+00,false,false,,false,,,2026-08-03 03:59:11.409+00,MjAyNi0wNC0wMVQxMzozNTo1My4wMDBa,false,,2026-08-26 01:18:03.318+00,2026-08-26 01:18:03.32+00,true,2026-08-11T00:00:00.000Z,Intimação / ciência,https://eproc1g.tjsp.jus.br/eproc/externo_controlador.php?acao=consulta_publica_documento&numProcesso=10011701020258260197&idDocumento=611786373361611379445155568579&hash=2d6ffe4e4aa7ce0f9d3f8d9a2299584b171922c4cd1f550de067d30a6c3e77ee,7,80,true,true,,,,,,,,,BRASILEIRA,,,,,,,,false,,false,,{},,false,,false,,2026-09-01 19:43:42.777181+00
208091,2026-07-27 19:52:29.547373+00,"{""id"": ""208091"", ""risco"": ""Crítico"", ""status"": ""Vencido"", ""cliente"": ""ALEX JUSTINO DA SILVA FERNANDES - DAILY CINZA"", ""advogado"": ""GILBERTO / MAIKON"", ""situacao"": ""EM ANDAMENTO"", ""telefone"": """", ""tribunal"": ""TJSP"", ""protocolo"": ""1001186-61.2025.8.26.0197"", ""created_by"": ""d730da06-030a-4921-bdb4-96b335a21d58"", ""djen_count"": 5, ""escritorio"": ""JVA / GM"", ""observacao"": ""CUSTAS PROCESSUAIS"", ""auditado_em"": null, ""evento_tipo"": ""novo_andamento_relevante"", ""atendido_por"": ""4581d2fe-c358-45f9-a1bd-f90f93dce0fc"", ""auditado_por"": null, ""datajud_hash"": ""MjAyNi0wNy0wN1QxOTozOToxNi4wMDBa"", ""diasFaltando"": -47, ""evento_fonte"": ""ambos"", ""linkConsulta"": ""https://www.google.com/search?q=consulta+processo+TJSP+1001186-61.2025.8.26.0197"", ""proximoPrazo"": ""2026-07-16"", ""statusManual"": ""Automatico"", ""evento_resumo"": ""Conclusão"", ""nacionalidade"": ""BRASILEIRA"", ""ultimoRetorno"": ""2026-07-02"", ""djen_ultima_data"": ""2026-07-15T00:00:00.000Z"", ""djen_ultimo_link"": ""https://eproc1g.tjsp.jus.br/eproc/externo_controlador.php?acao=consulta_publica_documento&numProcesso=10011866120258260197&idDocumento=611783988293304554064797295330&hash=198af25e0308af05f982841b403227456bb56d337f7693ae2343365dbdb2f1bd"", ""djen_consultado_em"": ""2026-08-25T22:19:18.021Z"", ""djen_ultimo_resumo"": ""Sentença / decisão de mérito"", ""tem_novo_andamento"": true, ""datajud_ultimo_nome"": ""Conclusão"", ""datajud_consultado_em"": ""2026-08-25T22:19:18.021+00:00"", ""djen_nova_comunicacao"": true, ""busca_apreensao_motivo"": null, ""em_cumprimento_sentenca"": false, ""indicio_busca_apreensao"": false, ""datajud_encerrado_motivo"": null, ""datajud_ultimo_movimento"": ""2026-07-07T19:39:16+00:00"", ""busca_apreensao_confianca"": null, ""datajud_encerrado_tribunal"": false, ""cumprimento_sentenca_motivo"": null, ""tem_atualizacao_pos_retorno"": true, ""busca_apreensao_consultado_em"": ""2026-08-03T03:54:53.404+00:00"", ""cumprimento_sentenca_consultado_em"": ""2026-08-25T22:19:18.021+00:00""}",d37fd4bb-1c71-4dca-b97e-292355918d39,d730da06-030a-4921-bdb4-96b335a21d58,2026-07-02,2026-07-16,CUSTAS PROCESSUAIS,Vencido,Crítico,EM ANDAMENTO,,JVA / GM,GILBERTO / MAIKON,,,,1001186-61.2025.8.26.0197,TJSP,,2026-07-07 19:39:16+00,Conclusão,2026-08-25 22:19:18.021+00,true,false,,false,,,2026-08-03 03:54:53.404+00,MjAyNi0wNy0wN1QxOTozOToxNi4wMDBa,false,,2026-08-25 22:19:18.021+00,2026-08-25 22:19:18.021+00,true,2026-07-15T00:00:00.000Z,Sentença / decisão de mérito,https://eproc1g.tjsp.jus.br/eproc/externo_controlador.php?acao=consulta_publica_documento&numProcesso=10011866120258260197&idDocumento=611783988293304554064797295330&hash=198af25e0308af05f982841b403227456bb56d337f7693ae2343365dbdb2f1bd,5,80,true,true,,,,,,,,,BRASILEIRA,,,,,,,4581d2fe-c358-45f9-a1bd-f90f93dce0fc,false,,false,,{},,false,,false,,2026-09-01 19:43:42.112776+00
208092,2026-07-27 19:52:29.547373+00,"{""id"": ""208092"", ""risco"": ""Normal"", ""status"": ""Encerrado"", ""cliente"": ""ALEX MONTEIRO CASTELO BRANCO"", ""advogado"": ""GILBERTO"", ""situacao"": ""ENCERRADO"", ""telefone"": ""9888662718"", ""tribunal"": ""TJMA"", ""protocolo"": ""0801478-87.2025.8.10.0031"", ""created_by"": ""d269f309-a461-4f01-b894-d3a7b54a4b7c"", ""djen_count"": 1, ""escritorio"": """", ""observacao"": ""PARCIALMETE PROCEDENTE "", ""auditado_em"": null, ""evento_tipo"": ""transito_ou_baixa"", ""atendido_por"": ""d269f309-a461-4f01-b894-d3a7b54a4b7c"", ""auditado_por"": null, ""datajud_hash"": ""MjAyNi0wNy0xN1QxNTo0ODo0Mi4wMDBa"", ""diasFaltando"": null, ""evento_fonte"": null, ""linkConsulta"": ""https://www.google.com/search?q=consulta+processo+TJMA+0801478-87.2025.8.10.0031"", ""proximoPrazo"": """", ""statusManual"": ""Encerrado"", ""evento_resumo"": ""Petição"", ""nacionalidade"": ""BRASILEIRA"", ""ultimoRetorno"": ""2026-09-01"", ""djen_ultima_data"": ""2026-07-22T00:00:00.000Z"", ""djen_ultimo_link"": ""https://pje.tjma.jus.br:443/pje/Processo/ConsultaDocumento/listView.seam?x=26072111132107100000172409251"", ""djen_consultado_em"": ""2026-09-01T18:43:54.384Z"", ""djen_ultimo_resumo"": ""Trânsito em julgado"", ""tem_novo_andamento"": false, ""datajud_ultimo_nome"": ""Petição"", ""datajud_consultado_em"": ""2026-09-01T18:43:54.383+00:00"", ""djen_nova_comunicacao"": false, ""busca_apreensao_motivo"": null, ""em_cumprimento_sentenca"": true, ""indicio_busca_apreensao"": false, ""datajud_encerrado_motivo"": null, ""datajud_ultimo_movimento"": ""2026-07-29T11:25:58+00:00"", ""busca_apreensao_confianca"": null, ""datajud_encerrado_tribunal"": true, ""cumprimento_sentenca_motivo"": ""Procedência em Parte"", ""tem_atualizacao_pos_retorno"": false, ""busca_apreensao_consultado_em"": ""2026-08-03T04:11:42.597+00:00"", ""cumprimento_sentenca_consultado_em"": ""2026-09-01T18:43:54.383+00:00""}",d37fd4bb-1c71-4dca-b97e-292355918d39,d269f309-a461-4f01-b894-d3a7b54a4b7c,2026-09-01,,"PARCIALMETE PROCEDENTE ",Encerrado,Normal,ENCERRADO,,,GILBERTO,,,9888662718,0801478-87.2025.8.10.0031,TJMA,,2026-07-29 11:25:58+00,Petição,2026-09-01 18:43:54.383+00,false,true,,false,,,2026-08-03 04:11:42.597+00,MjAyNi0wNy0xN1QxNTo0ODo0Mi4wMDBa,true,Procedência em Parte,2026-09-01 18:43:54.383+00,2026-09-01 18:43:54.384+00,false,2026-07-22T00:00:00.000Z,Trânsito em julgado,https://pje.tjma.jus.br:443/pje/Processo/ConsultaDocumento/listView.seam?x=26072111132107100000172409251,1,90,true,true,,,,,,,,,BRASILEIRA,,,,,,,d269f309-a461-4f01-b894-d3a7b54a4b7c,true,Procedência em Parte,false,2026-09-01 18:43:54.847+00,{},,false,,false,,2026-09-01 19:43:41.386398+00
208093,2026-07-27 19:52:29.547373+00,"{""id"": ""208093"", ""risco"": ""Crítico"", ""status"": ""Vencido"", ""cliente"": ""ALEXANDRE DA SILVA"", ""advogado"": ""RENATO"", ""situacao"": ""EM ANDAMENTO"", ""telefone"": ""41997659031"", ""tribunal"": ""TJPR"", ""protocolo"": ""0009761-31.2023.8.16.0001"", ""created_by"": ""e72a59fd-d85f-4b4d-bbe1-1966249a14cf"", ""djen_count"": 5, ""escritorio"": ""MEDIARI"", ""observacao"": ""CUMPRIMENTO DE SENTENÇA"", ""auditado_em"": null, ""evento_tipo"": ""cumprimento_sentenca"", ""atendido_por"": ""e72a59fd-d85f-4b4d-bbe1-1966249a14cf"", ""auditado_por"": null, ""datajud_hash"": ""MjAyNi0wNi0xNlQwMDozNDo0NC4wMDBa"", ""diasFaltando"": -7, ""evento_fonte"": ""djen"", ""linkConsulta"": ""https://www.google.com/search?q=consulta+processo+TJPR+0009761-31.2023.8.16.0001"", ""proximoPrazo"": ""2026-08-25"", ""statusManual"": ""Automatico"", ""evento_resumo"": ""Sentença / decisão de mérito"", ""nacionalidade"": ""BRASILEIRA"", ""ultimoRetorno"": ""2026-07-29"", ""djen_ultima_data"": ""2026-08-14T00:00:00.000Z"", ""djen_ultimo_link"": ""https://projudi.tjpr.jus.br/projudi/processo/validacaoDocumentos.do?_tj=8a6c53f8698c7ff7826b4c776d71316d1925abc508bbf0c37395a1a670526233c802b96d6a1d79f379c92789cab0eac42d417e8bdd855781"", ""djen_consultado_em"": ""2026-08-26T11:30:51.798Z"", ""djen_ultimo_resumo"": ""Sentença / decisão de mérito"", ""tem_novo_andamento"": true, ""datajud_ultimo_nome"": ""Decurso de Prazo"", ""datajud_consultado_em"": ""2026-08-26T11:30:51.798+00:00"", ""djen_nova_comunicacao"": true, ""busca_apreensao_motivo"": null, ""em_cumprimento_sentenca"": false, ""indicio_busca_apreensao"": false, ""datajud_encerrado_motivo"": null, ""datajud_ultimo_movimento"": ""2026-06-16T00:34:44+00:00"", ""busca_apreensao_confianca"": null, ""datajud_encerrado_tribunal"": false, ""cumprimento_sentenca_motivo"": ""Procedência em Parte"", ""tem_atualizacao_pos_retorno"": false, ""busca_apreensao_consultado_em"": ""2026-08-03T03:32:08.728+00:00"", ""cumprimento_sentenca_consultado_em"": ""2026-08-26T11:30:51.798+00:00""}",d37fd4bb-1c71-4dca-b97e-292355918d39,e72a59fd-d85f-4b4d-bbe1-1966249a14cf,2026-07-29,2026-08-25,CUMPRIMENTO DE SENTENÇA,Vencido,Crítico,EM ANDAMENTO,,MEDIARI,RENATO,,,41997659031,0009761-31.2023.8.16.0001,TJPR,,2026-06-16 00:34:44+00,Decurso de Prazo,2026-08-26 11:30:51.798+00,false,false,,false,,,2026-08-03 03:32:08.728+00,MjAyNi0wNi0xNlQwMDozNDo0NC4wMDBa,false,Procedência em Parte,2026-08-26 11:30:51.798+00,2026-08-26 11:30:51.798+00,true,2026-08-14T00:00:00.000Z,Sentença / decisão de mérito,https://projudi.tjpr.jus.br/projudi/processo/validacaoDocumentos.do?_tj=8a6c53f8698c7ff7826b4c776d71316d1925abc508bbf0c37395a1a670526233c802b96d6a1d79f379c92789cab0eac42d417e8bdd855781,5,80,true,true,,,,,,,,,BRASILEIRA,,,,,,,e72a59fd-d85f-4b4d-bbe1-1966249a14cf,false,,false,,{},,false,,false,,2026-09-01 19:43:41.853321+00
208094,2026-07-27 19:52:29.547373+00,"{""id"": 208094, ""risco"": ""Normal"", ""status"": ""No Prazo"", ""cliente"": ""ALEXANDRE DE OLIVEIRA ALVES"", ""advogado"": ""MATHEUS"", ""situacao"": ""EM ANDAMENTO"", ""telefone"": ""32913591249"", ""tribunal"": ""TJMG"", ""edited_at"": ""2026-09-01T19:56:49.800Z"", ""edited_by"": ""e72a59fd-d85f-4b4d-bbe1-1966249a14cf"", ""protocolo"": ""5041853-14.2023.8.13.0145"", ""created_by"": ""4581d2fe-c358-45f9-a1bd-f90f93dce0fc"", ""djen_count"": 8, ""escritorio"": ""HUGS"", ""observacao"": ""INSTAURAR CUMPRIMENTO"", ""atendido_em"": ""2026-09-01T19:56:49.494Z"", ""auditado_em"": ""2026-09-01"", ""evento_tipo"": ""rotina"", ""atendido_por"": ""e72a59fd-d85f-4b4d-bbe1-1966249a14cf"", ""auditado_por"": ""e72a59fd-d85f-4b4d-bbe1-1966249a14cf"", ""datajud_hash"": ""MjAyNi0wNS0yOFQxNDowNToyNy4wMDBa"", ""diasFaltando"": 20, ""evento_fonte"": null, ""linkConsulta"": ""https://www.google.com/search?q=consulta+processo+TJMG+5041853-14.2023.8.13.0145"", ""proximoPrazo"": ""2026-09-21"", ""statusManual"": ""Automatico"", ""evento_resumo"": null, ""nacionalidade"": ""BRASILEIRA"", ""ultimoRetorno"": ""2026-09-01"", ""edited_by_name"": ""KRIS"", ""ultimo_retorno"": ""2026-09-01"", ""djen_ultima_data"": ""2025-12-12T00:00:00.000Z"", ""djen_ultimo_link"": ""https://pje.tjmg.jus.br:443/pje/Processo/ConsultaDocumento/listView.seam?x=25121117515059000010593325603"", ""djen_consultado_em"": ""2026-08-26T01:46:53.159Z"", ""djen_ultimo_resumo"": ""Despacho / determinação"", ""tem_novo_andamento"": false, ""datajud_ultimo_nome"": ""Petição"", ""datajud_consultado_em"": ""2026-08-26T01:46:53.159+00:00"", ""djen_nova_comunicacao"": false, ""busca_apreensao_motivo"": null, ""em_cumprimento_sentenca"": false, ""indicio_busca_apreensao"": false, ""datajud_encerrado_motivo"": null, ""datajud_ultimo_movimento"": ""2026-05-28T14:05:27+00:00"", ""busca_apreensao_confianca"": null, ""datajud_encerrado_tribunal"": false, ""cumprimento_sentenca_motivo"": null, ""tem_atualizacao_pos_retorno"": false, ""busca_apreensao_consultado_em"": ""2026-08-03T03:32:19.052+00:00"", ""cumprimento_sentenca_consultado_em"": ""2026-08-26T01:46:53.159+00:00""}",d37fd4bb-1c71-4dca-b97e-292355918d39,4581d2fe-c358-45f9-a1bd-f90f93dce0fc,2026-09-01,2026-09-21,INSTAURAR CUMPRIMENTO,No Prazo,Normal,EM ANDAMENTO,,HUGS,MATHEUS,,,32913591249,5041853-14.2023.8.13.0145,TJMG,,2026-05-28 14:05:27+00,Petição,2026-08-26 01:46:53.159+00,false,false,,false,,,2026-08-03 03:32:19.052+00,MjAyNi0wNS0yOFQxNDowNToyNy4wMDBa,false,,2026-08-26 01:46:53.159+00,2026-08-26 01:46:53.159+00,false,2025-12-12T00:00:00.000Z,Despacho / determinação,https://pje.tjmg.jus.br:443/pje/Processo/ConsultaDocumento/listView.seam?x=25121117515059000010593325603,8,40,true,true,,,,,,,,,BRASILEIRA,,,,,,,,false,,false,,{},,false,,false,,2026-09-01 19:56:50.089175+00
208095,2026-07-27 19:52:29.547373+00,"{""id"": ""208095"", ""risco"": ""Normal"", ""status"": ""No Prazo"", ""cliente"": ""ALEXANDRE SOARES DE MEDEIROS"", ""advogado"": ""ANDRESSA"", ""situacao"": ""EM ANDAMENTO"", ""telefone"": ""21998140072"", ""tribunal"": ""TJSP"", ""protocolo"": ""4016660-87.2026.8.26.0002"", ""created_by"": ""d730da06-030a-4921-bdb4-96b335a21d58"", ""djen_count"": 4, ""escritorio"": ""JVA / GM"", ""observacao"": ""Conclusos para decisão"", ""auditado_em"": ""2026-08-13"", ""evento_tipo"": ""rotina"", ""atendido_por"": ""d730da06-030a-4921-bdb4-96b335a21d58"", ""auditado_por"": ""e72a59fd-d85f-4b4d-bbe1-1966249a14cf"", ""datajud_hash"": ""MjAyNi0wNC0yOFQwMTo0ODowNC4wMDBa"", ""diasFaltando"": 13, ""evento_fonte"": null, ""linkConsulta"": ""https://www.google.com/search?q=consulta+processo+TJSP+4016660-87.2026.8.26.0002"", ""proximoPrazo"": ""2026-09-14"", ""statusManual"": ""Automatico"", ""evento_resumo"": null, ""nacionalidade"": ""BRASILEIRA"", ""ultimoRetorno"": ""2026-08-27"", ""djen_ultima_data"": ""2026-03-30T00:00:00.000Z"", ""djen_ultimo_link"": ""https://eproc1g.tjsp.jus.br/eproc/externo_controlador.php?acao=consulta_publica_documento&numProcesso=40166608720268260002&idDocumento=611774636470774103664171323606&hash=16abe328e4cc8e0cc24e572e3449b06c36d3408025e8b449484e45e218dec76c"", ""djen_consultado_em"": ""2026-08-26T11:55:09.887Z"", ""djen_ultimo_resumo"": ""Justiça gratuita (AJG)"", ""tem_novo_andamento"": false, ""datajud_ultimo_nome"": ""Decurso de Prazo"", ""datajud_consultado_em"": ""2026-08-26T11:55:09.885+00:00"", ""djen_nova_comunicacao"": false, ""busca_apreensao_motivo"": null, ""em_cumprimento_sentenca"": false, ""indicio_busca_apreensao"": false, ""datajud_encerrado_motivo"": null, ""datajud_ultimo_movimento"": ""2026-04-28T01:48:04+00:00"", ""busca_apreensao_confianca"": null, ""datajud_encerrado_tribunal"": false, ""cumprimento_sentenca_motivo"": null, ""tem_atualizacao_pos_retorno"": false, ""busca_apreensao_consultado_em"": ""2026-08-03T04:06:41.666+00:00"", ""cumprimento_sentenca_consultado_em"": ""2026-08-26T11:55:09.885+00:00""}",d37fd4bb-1c71-4dca-b97e-292355918d39,d730da06-030a-4921-bdb4-96b335a21d58,2026-08-27,2026-09-14,Conclusos para decisão,No Prazo,Normal,EM ANDAMENTO,,JVA / GM,ANDRESSA,,,21998140072,4016660-87.2026.8.26.0002,TJSP,,2026-04-28 01:48:04+00,Decurso de Prazo,2026-08-26 11:55:09.885+00,false,false,,false,,,2026-08-03 04:06:41.666+00,MjAyNi0wNC0yOFQwMTo0ODowNC4wMDBa,false,,2026-08-26 11:55:09.885+00,2026-08-26 11:55:09.887+00,false,2026-03-30T00:00:00.000Z,Justiça gratuita (AJG),https://eproc1g.tjsp.jus.br/eproc/externo_controlador.php?acao=consulta_publica_documento&numProcesso=40166608720268260002&idDocumento=611774636470774103664171323606&hash=16abe328e4cc8e0cc24e572e3449b06c36d3408025e8b449484e45e218dec76c,4,40,true,true,,,,,,,,,BRASILEIRA,,,,,2026-08-13,e72a59fd-d85f-4b4d-bbe1-1966249a14cf,d730da06-030a-4921-bdb4-96b335a21d58,false,,false,,{},,false,,false,,2026-09-01 19:43:41.632538+00
208096,2026-07-27 19:52:29.547373+00,"{""id"": ""208096"", ""risco"": ""Normal"", ""status"": ""No Prazo"", ""cliente"": ""ALINE DE FÁTIMA FERREIRA"", ""advogado"": ""ERALDO / MATHEUS"", ""situacao"": ""EM ANDAMENTO"", ""telefone"": ""19998135999"", ""tribunal"": ""TJSP"", ""protocolo"": ""1003176-64.2024.8.26.0022"", ""created_by"": ""d269f309-a461-4f01-b894-d3a7b54a4b7c"", ""djen_count"": 2, ""escritorio"": ""JVA / GM"", ""observacao"": ""MENSAGEM ENCAMINHADA PARA A CLIENTE: \n\n[08:56, 04/08/2026] GET ASSESSORIA - SETOR PROCESSUAL: TENDO ANALISADO AS DOCUMENTAÇÕES APRESENTADAS POR AMBAS AS PARTES, O JUIZ JULGOU PARCIALMENTE PROCEDENTE A AÇÃO, ACOLHENDO APENAS ALGUNS PEDIDOS FORMULADOS NA INICIAL.\n[09:00, 04/08/2026] GET ASSESSORIA - SETOR PROCESSUAL: NESTE MOMENTO, AGUARDAREMOS A ANÁLISE DO ADVOGADO RESPONSÁVEL, QUE AVALIARÁ A VIABILIDADE DE INTERPOR RECURSO DE APELAÇÃO, BUSCANDO A REFORMA DA SENTENÇA EM RELAÇÃO AOS PEDIDOS QUE FORAM INDEFERIDOS. \n\nDA MESMA FORMA, TAMBÉM AGUARDAREMOS PARA VERIFICAR SE A INSTITUIÇÃO FINANCEIRA APRESENTARÁ RECURSO CONTRA A PARTE DA DECISÃO QUE FOI FAVORÁVEL À SENHORA."", ""auditado_em"": ""2026-08-26"", ""evento_tipo"": ""sentenca_procedente"", ""atendido_por"": ""e72a59fd-d85f-4b4d-bbe1-1966249a14cf"", ""auditado_por"": ""e72a59fd-d85f-4b4d-bbe1-1966249a14cf"", ""datajud_hash"": ""MjAyNi0wNC0yN1QxNjoxMDo0NC4wMDBa"", ""diasFaltando"": 15, ""evento_fonte"": ""djen"", ""linkConsulta"": ""https://www.google.com/search?q=consulta+processo+TJSP+1003176-64.2024.8.26.0022"", ""proximoPrazo"": ""2026-09-16"", ""statusManual"": ""Automatico"", ""evento_resumo"": ""Sentença / decisão de mérito"", ""nacionalidade"": ""BRASILEIRA"", ""ultimoRetorno"": ""2026-08-26"", ""djen_ultima_data"": ""2026-08-03T00:00:00.000Z"", ""djen_ultimo_link"": ""https://www.dje.tjsp.jus.br"", ""djen_consultado_em"": ""2026-08-26T14:37:17.655Z"", ""djen_ultimo_resumo"": ""Sentença / decisão de mérito"", ""tem_novo_andamento"": true, ""datajud_ultimo_nome"": ""Conclusão"", ""datajud_consultado_em"": ""2026-08-26T14:37:17.655+00:00"", ""djen_nova_comunicacao"": true, ""busca_apreensao_motivo"": null, ""em_cumprimento_sentenca"": true, ""indicio_busca_apreensao"": false, ""datajud_encerrado_motivo"": null, ""datajud_ultimo_movimento"": ""2026-04-27T16:10:44+00:00"", ""busca_apreensao_confianca"": null, ""datajud_encerrado_tribunal"": false, ""cumprimento_sentenca_motivo"": null, ""tem_atualizacao_pos_retorno"": false, ""busca_apreensao_consultado_em"": ""2026-08-03T03:41:29.154+00:00"", ""cumprimento_sentenca_consultado_em"": ""2026-08-26T14:37:17.655+00:00""}",d37fd4bb-1c71-4dca-b97e-292355918d39,d269f309-a461-4f01-b894-d3a7b54a4b7c,2026-08-26,2026-09-16,"MENSAGEM ENCAMINHADA PARA A CLIENTE: 

[08:56, 04/08/2026] GET ASSESSORIA - SETOR PROCESSUAL: TENDO ANALISADO AS DOCUMENTAÇÕES APRESENTADAS POR AMBAS AS PARTES, O JUIZ JULGOU PARCIALMENTE PROCEDENTE A AÇÃO, ACOLHENDO APENAS ALGUNS PEDIDOS FORMULADOS NA INICIAL.
[09:00, 04/08/2026] GET ASSESSORIA - SETOR PROCESSUAL: NESTE MOMENTO, AGUARDAREMOS A ANÁLISE DO ADVOGADO RESPONSÁVEL, QUE AVALIARÁ A VIABILIDADE DE INTERPOR RECURSO DE APELAÇÃO, BUSCANDO A REFORMA DA SENTENÇA EM RELAÇÃO AOS PEDIDOS QUE FORAM INDEFERIDOS. 

DA MESMA FORMA, TAMBÉM AGUARDAREMOS PARA VERIFICAR SE A INSTITUIÇÃO FINANCEIRA APRESENTARÁ RECURSO CONTRA A PARTE DA DECISÃO QUE FOI FAVORÁVEL À SENHORA.",No Prazo,Normal,EM ANDAMENTO,,JVA / GM,ERALDO / MATHEUS,,,19998135999,1003176-64.2024.8.26.0022,TJSP,,2026-04-27 16:10:44+00,Conclusão,2026-08-26 14:37:17.655+00,false,false,,false,,,2026-08-03 03:41:29.154+00,MjAyNi0wNC0yN1QxNjoxMDo0NC4wMDBa,true,,2026-08-26 14:37:17.655+00,2026-08-26 14:37:17.655+00,true,2026-08-03T00:00:00.000Z,Sentença / decisão de mérito,https://www.dje.tjsp.jus.br,2,80,true,true,,,,,,,,,BRASILEIRA,,,,,,,e72a59fd-d85f-4b4d-bbe1-1966249a14cf,false,,false,,{},,false,,false,,2026-09-01 19:43:42.112776+00
208097,2026-07-27 19:52:29.547373+00,"{""id"": ""208097"", ""risco"": ""Crítico"", ""status"": ""Vencido"", ""cliente"": ""ALINE SOARES DOS SANTOS"", ""advogado"": ""MATHEUS"", ""situacao"": ""EM ANDAMENTO"", ""telefone"": """", ""tribunal"": ""TJMG"", ""protocolo"": ""5018979-89.2024.8.13.0245"", ""created_by"": ""e72a59fd-d85f-4b4d-bbe1-1966249a14cf"", ""djen_count"": 3, ""escritorio"": """", ""observacao"": ""APRESENTAÇÃO DE MEMORIAIS"", ""auditado_em"": null, ""evento_tipo"": ""rotina"", ""atendido_por"": ""d269f309-a461-4f01-b894-d3a7b54a4b7c"", ""auditado_por"": null, ""datajud_hash"": ""MjAyNi0wNy0wM1QwMDoxMzo0OS4wMDBa"", ""diasFaltando"": -21, ""evento_fonte"": null, ""linkConsulta"": ""https://www.google.com/search?q=consulta+processo+TJMG+5018979-89.2024.8.13.0245"", ""proximoPrazo"": ""2026-08-11"", ""statusManual"": ""Automatico"", ""evento_resumo"": null, ""nacionalidade"": ""BRASILEIRA"", ""ultimoRetorno"": ""2026-07-28"", ""djen_ultima_data"": ""2026-06-08T00:00:00.000Z"", ""djen_ultimo_link"": ""https://pje.tjmg.jus.br:443/pje/Processo/ConsultaDocumento/listView.seam?x=26060521581020600010687958600"", ""djen_consultado_em"": ""2026-08-26T01:56:34.175Z"", ""djen_ultimo_resumo"": ""PODER JUDICIÁRIO DO ESTADO DE MINAS GERAIS Justiça de Primeira Instância Comarca de Santa Luzia / 3ª Vara Cível da Comar…"", ""tem_novo_andamento"": false, ""datajud_ultimo_nome"": ""Decurso de Prazo"", ""datajud_consultado_em"": ""2026-08-26T01:56:34.175+00:00"", ""djen_nova_comunicacao"": false, ""busca_apreensao_motivo"": null, ""em_cumprimento_sentenca"": false, ""indicio_busca_apreensao"": false, ""datajud_encerrado_motivo"": null, ""datajud_ultimo_movimento"": ""2026-07-03T00:13:49+00:00"", ""busca_apreensao_confianca"": null, ""datajud_encerrado_tribunal"": false, ""cumprimento_sentenca_motivo"": null, ""tem_atualizacao_pos_retorno"": false, ""busca_apreensao_consultado_em"": ""2026-08-03T03:55:37.479+00:00"", ""cumprimento_sentenca_consultado_em"": ""2026-08-26T01:56:34.175+00:00""}",d37fd4bb-1c71-4dca-b97e-292355918d39,e72a59fd-d85f-4b4d-bbe1-1966249a14cf,2026-07-28,2026-08-11,APRESENTAÇÃO DE MEMORIAIS,Vencido,Crítico,EM ANDAMENTO,,,MATHEUS,,,,5018979-89.2024.8.13.0245,TJMG,,2026-07-03 00:13:49+00,Decurso de Prazo,2026-08-26 01:56:34.175+00,false,false,,false,,,2026-08-03 03:55:37.479+00,MjAyNi0wNy0wM1QwMDoxMzo0OS4wMDBa,false,,2026-08-26 01:56:34.175+00,2026-08-26 01:56:34.175+00,false,2026-06-08T00:00:00.000Z,PODER JUDICIÁRIO DO ESTADO DE MINAS GERAIS Justiça de Primeira Instância Comarca de Santa Luzia / 3ª Vara Cível da Comar…,https://pje.tjmg.jus.br:443/pje/Processo/ConsultaDocumento/listView.seam?x=26060521581020600010687958600,3,40,true,true,,,,,,,,,BRASILEIRA,,,,,,,d269f309-a461-4f01-b894-d3a7b54a4b7c,false,,false,,{},,false,,false,,2026-09-01 19:43:41.632538+00
208098,2026-07-27 19:52:29.547373+00,"{""id"": ""208098"", ""risco"": ""Normal"", ""status"": ""No Prazo"", ""cliente"": ""ALMIR DE OLIVEIRA SILVA"", ""advogado"": ""DIEGO"", ""situacao"": ""EM ANDAMENTO"", ""telefone"": """", ""tribunal"": ""TJRJ"", ""protocolo"": ""3014662-62.2026.8.19.0078"", ""created_by"": ""4581d2fe-c358-45f9-a1bd-f90f93dce0fc"", ""djen_count"": 2, ""escritorio"": ""MEDIARI"", ""observacao"": ""CONTESTAÇÃO"", ""auditado_em"": ""2026-08-14"", ""evento_tipo"": ""rotina"", ""atendido_por"": ""e72a59fd-d85f-4b4d-bbe1-1966249a14cf"", ""auditado_por"": ""e72a59fd-d85f-4b4d-bbe1-1966249a14cf"", ""datajud_hash"": ""MjAyNi0wNi0xOFQwNDowODo0MC4wMDBa"", ""diasFaltando"": 17, ""evento_fonte"": null, ""linkConsulta"": ""https://www.google.com/search?q=consulta+processo+TJRJ+3014662-62.2026.8.19.0078"", ""proximoPrazo"": ""2026-09-18"", ""statusManual"": ""Automatico"", ""evento_resumo"": null, ""nacionalidade"": ""BRASILEIRA"", ""ultimoRetorno"": ""2026-08-28"", ""djen_ultima_data"": ""2026-05-22T00:00:00.000Z"", ""djen_ultimo_link"": ""https://eproc1g.tjrj.jus.br/eproc/externo_controlador.php?acao=consulta_publica_documento&numProcesso=30146626220268190078&idDocumento=191779399838347850333612416156&hash=a36dfa436775924ec5836aee2aaa32c864730ce5a513418d053d3e955a59e3af"", ""djen_consultado_em"": ""2026-08-26T11:46:04.070Z"", ""djen_ultimo_resumo"": ""Liminar / tutela de urgência"", ""tem_novo_andamento"": false, ""datajud_ultimo_nome"": ""Decurso de Prazo"", ""datajud_consultado_em"": ""2026-08-26T11:46:04.069+00:00"", ""djen_nova_comunicacao"": false, ""busca_apreensao_motivo"": null, ""em_cumprimento_sentenca"": false, ""indicio_busca_apreensao"": false, ""datajud_encerrado_motivo"": null, ""datajud_ultimo_movimento"": ""2026-06-18T04:08:40+00:00"", ""busca_apreensao_confianca"": null, ""datajud_encerrado_tribunal"": false, ""cumprimento_sentenca_motivo"": null, ""tem_atualizacao_pos_retorno"": false, ""busca_apreensao_consultado_em"": ""2026-08-03T03:38:20.534+00:00"", ""cumprimento_sentenca_consultado_em"": ""2026-08-26T11:46:04.069+00:00""}",d37fd4bb-1c71-4dca-b97e-292355918d39,4581d2fe-c358-45f9-a1bd-f90f93dce0fc,2026-08-28,2026-09-18,CONTESTAÇÃO,No Prazo,Normal,EM ANDAMENTO,,MEDIARI,DIEGO,,,,3014662-62.2026.8.19.0078,TJRJ,,2026-06-18 04:08:40+00,Decurso de Prazo,2026-08-26 11:46:04.069+00,false,false,,false,,,2026-08-03 03:38:20.534+00,MjAyNi0wNi0xOFQwNDowODo0MC4wMDBa,false,,2026-08-26 11:46:04.069+00,2026-08-26 11:46:04.07+00,false,2026-05-22T00:00:00.000Z,Liminar / tutela de urgência,https://eproc1g.tjrj.jus.br/eproc/externo_controlador.php?acao=consulta_publica_documento&numProcesso=30146626220268190078&idDocumento=191779399838347850333612416156&hash=a36dfa436775924ec5836aee2aaa32c864730ce5a513418d053d3e955a59e3af,2,40,true,true,,,,,,,,,BRASILEIRA,,,,,2026-08-14,e72a59fd-d85f-4b4d-bbe1-1966249a14cf,e72a59fd-d85f-4b4d-bbe1-1966249a14cf,false,,false,,{},,false,,false,,2026-09-01 19:43:42.339702+00
208099,2026-07-27 19:52:29.547373+00,"{""id"": ""208099"", ""risco"": ""Crítico"", ""status"": ""Vencido"", ""cliente"": ""ALVARO LUIZ PRAMPARO RUVIERO"", ""advogado"": ""ANDRESSA"", ""situacao"": ""EM ANDAMENTO"", ""telefone"": ""19992947789"", ""tribunal"": ""TJSP"", ""protocolo"": ""4023291-44.2026.8.26.0100"", ""created_by"": ""d730da06-030a-4921-bdb4-96b335a21d58"", ""djen_count"": 4, ""escritorio"": ""JVA / GM"", ""observacao"": ""RÉPLICA "", ""auditado_em"": null, ""evento_tipo"": ""rotina"", ""atendido_por"": null, ""auditado_por"": null, ""datajud_hash"": ""MjAyNi0wNi0yNFQwMjoxMTo0NS4wMDBa"", ""diasFaltando"": -14, ""evento_fonte"": null, ""linkConsulta"": ""https://www.google.com/search?q=consulta+processo+TJSP+4023291-44.2026.8.26.0100"", ""proximoPrazo"": ""2026-08-18"", ""statusManual"": ""Automatico"", ""evento_resumo"": null, ""nacionalidade"": ""BRASILEIRA"", ""ultimoRetorno"": ""2026-07-21"", ""djen_ultima_data"": ""2026-05-28T00:00:00.000Z"", ""djen_ultimo_link"": ""https://eproc1g.tjsp.jus.br/eproc/externo_controlador.php?acao=consulta_publica_documento&numProcesso=40232914420268260100&idDocumento=611779880405205894925103739976&hash=545e9b3785fecb27fe346f5660577d9672d4ce991e522d89d67c4ec38edc30aa"", ""djen_consultado_em"": ""2026-08-26T11:18:31.695Z"", ""djen_ultimo_resumo"": ""Despacho / determinação"", ""tem_novo_andamento"": false, ""datajud_ultimo_nome"": ""Decurso de Prazo"", ""datajud_consultado_em"": ""2026-08-26T11:18:31.694+00:00"", ""djen_nova_comunicacao"": false, ""busca_apreensao_motivo"": null, ""em_cumprimento_sentenca"": false, ""indicio_busca_apreensao"": false, ""datajud_encerrado_motivo"": null, ""datajud_ultimo_movimento"": ""2026-06-24T02:11:45+00:00"", ""busca_apreensao_confianca"": null, ""datajud_encerrado_tribunal"": false, ""cumprimento_sentenca_motivo"": null, ""tem_atualizacao_pos_retorno"": false, ""busca_apreensao_consultado_em"": ""2026-08-03T04:11:32.352+00:00"", ""cumprimento_sentenca_consultado_em"": ""2026-08-26T11:18:31.694+00:00""}",d37fd4bb-1c71-4dca-b97e-292355918d39,d730da06-030a-4921-bdb4-96b335a21d58,2026-07-21,2026-08-18,"RÉPLICA ",Vencido,Crítico,EM ANDAMENTO,,JVA / GM,ANDRESSA,,,19992947789,4023291-44.2026.8.26.0100,TJSP,,2026-06-24 02:11:45+00,Decurso de Prazo,2026-08-26 11:18:31.694+00,false,false,,false,,,2026-08-03 04:11:32.352+00,MjAyNi0wNi0yNFQwMjoxMTo0NS4wMDBa,false,,2026-08-26 11:18:31.694+00,2026-08-26 11:18:31.695+00,false,2026-05-28T00:00:00.000Z,Despacho / determinação,https://eproc1g.tjsp.jus.br/eproc/externo_controlador.php?acao=consulta_publica_documento&numProcesso=40232914420268260100&idDocumento=611779880405205894925103739976&hash=545e9b3785fecb27fe346f5660577d9672d4ce991e522d89d67c4ec38edc30aa,4,40,true,true,,,,,,,,,BRASILEIRA,,,,,,,,false,,false,,{},,false,,false,,2026-09-01 19:43:41.386398+00
208100,2026-07-27 19:52:29.547373+00,"{""id"": ""208100"", ""risco"": ""Normal"", ""status"": ""Encerrado"", ""cliente"": ""ANA ALICE OLIVEIRA GUIMARAES CAVALCANTE"", ""advogado"": ""ERALDO / ISAI / FÁBIO"", ""situacao"": ""ENCERRADO"", ""telefone"": """", ""tribunal"": ""TJGO"", ""protocolo"": ""5705244-48.2023.8.09.0162"", ""created_by"": ""d269f309-a461-4f01-b894-d3a7b54a4b7c"", ""djen_count"": 6, ""escritorio"": ""HUGS"", ""observacao"": ""CONCLUSO"", ""auditado_em"": null, ""evento_tipo"": ""transito_ou_baixa"", ""atendido_por"": ""d730da06-030a-4921-bdb4-96b335a21d58"", ""auditado_por"": null, ""datajud_hash"": ""MjAyNS0wNi0xMlQxMjo0NToyNS4wMDBa"", ""diasFaltando"": null, ""evento_fonte"": null, ""linkConsulta"": ""https://www.google.com/search?q=consulta+processo+TJGO+5705244-48.2023.8.09.0162"", ""proximoPrazo"": """", ""statusManual"": ""Encerrado"", ""evento_resumo"": ""Extinção / cancelamento da distribuição"", ""nacionalidade"": ""BRASILEIRA"", ""ultimoRetorno"": ""2026-09-01"", ""djen_ultima_data"": ""2026-08-12T00:00:00.000Z"", ""djen_ultimo_link"": ""https://projudi.tjgo.jus.br/p?c=109087645432563873182883612"", ""djen_consultado_em"": ""2026-09-01T18:44:18.142Z"", ""djen_ultimo_resumo"": ""Sentença / decisão de mérito"", ""tem_novo_andamento"": false, ""datajud_ultimo_nome"": ""Remessa"", ""datajud_consultado_em"": ""2026-09-01T18:44:18.141+00:00"", ""djen_nova_comunicacao"": false, ""busca_apreensao_motivo"": null, ""em_cumprimento_sentenca"": false, ""indicio_busca_apreensao"": false, ""datajud_encerrado_motivo"": ""TRÂNSITO EM JULGADO"", ""datajud_ultimo_movimento"": ""2025-06-12T12:45:25+00:00"", ""busca_apreensao_confianca"": null, ""datajud_encerrado_tribunal"": true, ""cumprimento_sentenca_motivo"": ""Provimento em Parte"", ""tem_atualizacao_pos_retorno"": false, ""busca_apreensao_consultado_em"": ""2026-08-03T09:24:01.771+00:00"", ""cumprimento_sentenca_consultado_em"": ""2026-09-01T18:44:18.141+00:00""}",d37fd4bb-1c71-4dca-b97e-292355918d39,d269f309-a461-4f01-b894-d3a7b54a4b7c,2026-09-01,,CONCLUSO,Encerrado,Normal,ENCERRADO,,HUGS,ERALDO / ISAI / FÁBIO,,,,5705244-48.2023.8.09.0162,TJGO,,2025-06-12 12:45:25+00,Remessa,2026-09-01 18:44:18.141+00,false,true,TRÂNSITO EM JULGADO,false,,,2026-08-03 09:24:01.771+00,MjAyNS0wNi0xMlQxMjo0NToyNS4wMDBa,false,Provimento em Parte,2026-09-01 18:44:18.141+00,2026-09-01 18:44:18.142+00,false,2026-08-12T00:00:00.000Z,Sentença / decisão de mérito,https://projudi.tjgo.jus.br/p?c=109087645432563873182883612,6,90,true,true,,,,,,,,,BRASILEIRA,,,,,,,d730da06-030a-4921-bdb4-96b335a21d58,true,Provimento em Parte,false,2025-06-12 12:42:50+00,{},,false,,false,,2026-09-01 19:43:41.632538+00
208101,2026-07-27 19:52:29.547373+00,"{""id"": ""208101"", ""risco"": ""Normal"", ""status"": ""No Prazo"", ""cliente"": ""ANA LUCIA MARTINS DE SOUZA"", ""advogado"": ""DIEGO"", ""situacao"": ""EM ANDAMENTO"", ""telefone"": """", ""tribunal"": ""TJMG"", ""protocolo"": ""1013337-51.2026.8.13.0079"", ""created_by"": ""e72a59fd-d85f-4b4d-bbe1-1966249a14cf"", ""djen_count"": 5, ""escritorio"": ""MEDIARI"", ""observacao"": ""Conclusos para decisão"", ""auditado_em"": ""2026-08-27"", ""evento_tipo"": ""rotina"", ""atendido_por"": ""e72a59fd-d85f-4b4d-bbe1-1966249a14cf"", ""auditado_por"": ""e72a59fd-d85f-4b4d-bbe1-1966249a14cf"", ""datajud_hash"": ""MjAyNi0wNi0yMlQxNDoyMzoyNS4wMDBa"", ""diasFaltando"": 16, ""evento_fonte"": null, ""linkConsulta"": ""https://www.google.com/search?q=consulta+processo+TJMG+1013337-51.2026.8.13.0079"", ""proximoPrazo"": ""2026-09-17"", ""statusManual"": ""Automatico"", ""evento_resumo"": null, ""nacionalidade"": ""BRASILEIRA"", ""ultimoRetorno"": ""2026-08-27"", ""djen_ultima_data"": ""2026-06-12T00:00:00.000Z"", ""djen_ultimo_link"": ""https://eproc1g.tjmg.jus.br/eproc/externo_controlador.php?acao=consulta_publica_documento&numProcesso=10133375120268130079&idDocumento=11781205176137780773148659592&hash=f7f9ea2ced2080b437ff3cc5544cb180cc9d783c7dcce17a0d1f901595cc79c1"", ""djen_consultado_em"": ""2026-08-26T11:44:57.812Z"", ""djen_ultimo_resumo"": ""PROCEDIMENTO COMUM CÍVEL Nº 1013337-51.2026.8.13.0079/MG AUTOR : ANA LUCIA MARTINS DE SOUZA ADVOGADO(A) : DIEGO GOMES DI…"", ""tem_novo_andamento"": false, ""datajud_ultimo_nome"": ""Conclusão"", ""datajud_consultado_em"": ""2026-08-26T11:44:57.811+00:00"", ""djen_nova_comunicacao"": false, ""busca_apreensao_motivo"": null, ""em_cumprimento_sentenca"": false, ""indicio_busca_apreensao"": false, ""datajud_encerrado_motivo"": null, ""datajud_ultimo_movimento"": ""2026-06-22T14:23:25+00:00"", ""busca_apreensao_confianca"": null, ""datajud_encerrado_tribunal"": false, ""cumprimento_sentenca_motivo"": null, ""tem_atualizacao_pos_retorno"": false, ""busca_apreensao_consultado_em"": ""2026-08-03T03:51:21.45+00:00"", ""cumprimento_sentenca_consultado_em"": ""2026-08-26T11:44:57.811+00:00""}",d37fd4bb-1c71-4dca-b97e-292355918d39,e72a59fd-d85f-4b4d-bbe1-1966249a14cf,2026-08-27,2026-09-17,Conclusos para decisão,No Prazo,Normal,EM ANDAMENTO,,MEDIARI,DIEGO,,,,1013337-51.2026.8.13.0079,TJMG,,2026-06-22 14:23:25+00,Conclusão,2026-08-26 11:44:57.811+00,false,false,,false,,,2026-08-03 03:51:21.45+00,MjAyNi0wNi0yMlQxNDoyMzoyNS4wMDBa,false,,2026-08-26 11:44:57.811+00,2026-08-26 11:44:57.812+00,false,2026-06-12T00:00:00.000Z,PROCEDIMENTO COMUM CÍVEL Nº 1013337-51.2026.8.13.0079/MG AUTOR : ANA LUCIA MARTINS DE SOUZA ADVOGADO(A) : DIEGO GOMES DI…,https://eproc1g.tjmg.jus.br/eproc/externo_controlador.php?acao=consulta_publica_documento&numProcesso=10133375120268130079&idDocumento=11781205176137780773148659592&hash=f7f9ea2ced2080b437ff3cc5544cb180cc9d783c7dcce17a0d1f901595cc79c1,5,40,true,true,,,,,,,,,BRASILEIRA,,,,,,,e72a59fd-d85f-4b4d-bbe1-1966249a14cf,false,,false,,{},,false,,false,,2026-09-01 19:43:42.339702+00
208102,2026-07-27 19:52:29.547373+00,"{""id"": ""208102"", ""risco"": ""Normal"", ""status"": ""Encerrado"", ""cliente"": ""ANA PAULA MATOS MENDES"", ""advogado"": ""RAFAELA / RENATO"", ""situacao"": ""ENCERRADO"", ""telefone"": """", ""tribunal"": ""TJES"", ""protocolo"": ""5001920-75.2023.8.08.0047"", ""created_by"": ""4581d2fe-c358-45f9-a1bd-f90f93dce0fc"", ""djen_count"": 8, ""escritorio"": ""MEDIARI"", ""observacao"": ""Estamos aguardando o banco efetuar o pagamento  da condenação no valor de R$ 481,71"", ""auditado_em"": null, ""evento_tipo"": ""transito_ou_baixa"", ""atendido_por"": ""d269f309-a461-4f01-b894-d3a7b54a4b7c"", ""auditado_por"": null, ""datajud_hash"": ""MjAyNS0wNi0xMlQxNzowMjo1My4wMDBa"", ""diasFaltando"": null, ""evento_fonte"": null, ""linkConsulta"": ""https://www.google.com/search?q=consulta+processo+TJES+5001920-75.2023.8.08.0047"", ""proximoPrazo"": """", ""statusManual"": ""Encerrado"", ""evento_resumo"": ""BAIXA DEFINITIVA"", ""nacionalidade"": ""BRASILEIRA"", ""ultimoRetorno"": ""2026-09-01"", ""djen_ultima_data"": ""2026-08-07T00:00:00.000Z"", ""djen_ultimo_link"": ""https://pje.tjes.jus.br/pje/Processo/ConsultaDocumento/listView.seam?x=26072317493751500000096705930"", ""djen_consultado_em"": ""2026-09-01T18:44:25.375Z"", ""djen_ultimo_resumo"": ""Sentença / decisão de mérito"", ""tem_novo_andamento"": false, ""datajud_ultimo_nome"": ""Baixa Definitiva"", ""datajud_consultado_em"": ""2026-09-01T18:44:25.374+00:00"", ""djen_nova_comunicacao"": false, ""busca_apreensao_motivo"": null, ""em_cumprimento_sentenca"": true, ""indicio_busca_apreensao"": false, ""datajud_encerrado_motivo"": ""BAIXA DEFINITIVA"", ""datajud_ultimo_movimento"": ""2025-06-12T17:02:53+00:00"", ""busca_apreensao_confianca"": null, ""datajud_encerrado_tribunal"": true, ""cumprimento_sentenca_motivo"": ""Provimento em Parte"", ""tem_atualizacao_pos_retorno"": false, ""busca_apreensao_consultado_em"": ""2026-08-03T03:58:06.121+00:00"", ""cumprimento_sentenca_consultado_em"": ""2026-09-01T18:44:25.374+00:00""}",d37fd4bb-1c71-4dca-b97e-292355918d39,4581d2fe-c358-45f9-a1bd-f90f93dce0fc,2026-09-01,,"Estamos aguardando o banco efetuar o pagamento  da condenação no valor de R$ 481,71",Encerrado,Normal,ENCERRADO,,MEDIARI,RAFAELA / RENATO,,,,5001920-75.2023.8.08.0047,TJES,,2025-06-12 17:02:53+00,Baixa Definitiva,2026-09-01 18:44:25.374+00,false,true,BAIXA DEFINITIVA,false,,,2026-08-03 03:58:06.121+00,MjAyNS0wNi0xMlQxNzowMjo1My4wMDBa,true,Provimento em Parte,2026-09-01 18:44:25.374+00,2026-09-01 18:44:25.375+00,false,2026-08-07T00:00:00.000Z,Sentença / decisão de mérito,https://pje.tjes.jus.br/pje/Processo/ConsultaDocumento/listView.seam?x=26072317493751500000096705930,8,90,true,true,,,,,,,,,BRASILEIRA,,,,,,,d269f309-a461-4f01-b894-d3a7b54a4b7c,true,Provimento em Parte,false,2025-06-12 14:44:30+00,{},,false,,false,,2026-09-01 19:43:42.112776+00
208103,2026-07-27 19:52:29.547373+00,"{""id"": ""208103"", ""risco"": ""Crítico"", ""status"": ""Vencido"", ""cliente"": ""ANDRIELLE GOMES MENDES"", ""advogado"": ""ERALDO / MATHEUS"", ""situacao"": ""EM ANDAMENTO"", ""telefone"": """", ""tribunal"": ""TJSP"", ""protocolo"": ""1159407-79.2024.8.26.0100"", ""created_by"": ""d730da06-030a-4921-bdb4-96b335a21d58"", ""djen_count"": 4, ""escritorio"": ""JVA / GM"", ""observacao"": ""CONCLUSO"", ""auditado_em"": null, ""evento_tipo"": ""novo_andamento_relevante"", ""atendido_por"": ""e72a59fd-d85f-4b4d-bbe1-1966249a14cf"", ""auditado_por"": null, ""datajud_hash"": ""MjAyNi0wNS0yN1QxMDo1NzoxMS4wMDBa"", ""diasFaltando"": -46, ""evento_fonte"": ""djen"", ""linkConsulta"": ""https://www.google.com/search?q=consulta+processo+TJSP+1159407-79.2024.8.26.0100"", ""proximoPrazo"": ""2026-07-17"", ""statusManual"": ""Automatico"", ""evento_resumo"": ""Processo 1159407-79.2024.8.26.0100 - Procedimento Comum Cível - Bancários - Andrielle Gomes Mendes - BANCO PAN S/A - Man…"", ""nacionalidade"": ""BRASILEIRA"", ""ultimoRetorno"": ""2026-07-03"", ""djen_ultima_data"": ""2026-07-16T00:00:00.000Z"", ""djen_ultimo_link"": ""https://www.dje.tjsp.jus.br"", ""djen_consultado_em"": ""2026-08-26T14:31:16.245Z"", ""djen_ultimo_resumo"": ""Processo 1159407-79.2024.8.26.0100 - Procedimento Comum Cível - Bancários - Andrielle Gomes Mendes - BANCO PAN S/A - Man…"", ""tem_novo_andamento"": true, ""datajud_ultimo_nome"": ""Publicação"", ""datajud_consultado_em"": ""2026-08-26T14:31:16.245+00:00"", ""djen_nova_comunicacao"": true, ""busca_apreensao_motivo"": null, ""em_cumprimento_sentenca"": true, ""indicio_busca_apreensao"": false, ""datajud_encerrado_motivo"": null, ""datajud_ultimo_movimento"": ""2026-05-27T10:57:11+00:00"", ""busca_apreensao_confianca"": null, ""datajud_encerrado_tribunal"": false, ""cumprimento_sentenca_motivo"": ""Procedência em Parte"", ""tem_atualizacao_pos_retorno"": false, ""busca_apreensao_consultado_em"": ""2026-08-03T03:58:21.84+00:00"", ""cumprimento_sentenca_consultado_em"": ""2026-08-26T14:31:16.245+00:00""}",d37fd4bb-1c71-4dca-b97e-292355918d39,d730da06-030a-4921-bdb4-96b335a21d58,2026-07-03,2026-07-17,CONCLUSO,Vencido,Crítico,EM ANDAMENTO,,JVA / GM,ERALDO / MATHEUS,,,,1159407-79.2024.8.26.0100,TJSP,,2026-05-27 10:57:11+00,Publicação,2026-08-26 14:31:16.245+00,false,false,,false,,,2026-08-03 03:58:21.84+00,MjAyNi0wNS0yN1QxMDo1NzoxMS4wMDBa,true,Procedência em Parte,2026-08-26 14:31:16.245+00,2026-08-26 14:31:16.245+00,true,2026-07-16T00:00:00.000Z,Processo 1159407-79.2024.8.26.0100 - Procedimento Comum Cível - Bancários - Andrielle Gomes Mendes - BANCO PAN S/A - Man…,https://www.dje.tjsp.jus.br,4,80,true,true,,,,,,,,,BRASILEIRA,,,,,,,e72a59fd-d85f-4b4d-bbe1-1966249a14cf,false,,false,,{},,false,,false,,2026-09-01 19:43:41.853321+00
208104,2026-07-27 19:52:29.547373+00,"{""id"": ""208104"", ""risco"": ""Crítico"", ""status"": ""Vencido"", ""cliente"": ""ANITA MENDES DA CRUZ"", ""advogado"": ""ERALDO / MATHEUS"", ""situacao"": ""EM ANDAMENTO"", ""telefone"": """", ""tribunal"": ""TJSP"", ""protocolo"": ""1000644-34.2024.8.26.0470"", ""created_by"": ""d269f309-a461-4f01-b894-d3a7b54a4b7c"", ""djen_count"": 3, ""escritorio"": ""JVA / GM"", ""observacao"": ""IMPROCEDENTE 1º INSTNCIA"", ""auditado_em"": null, ""evento_tipo"": ""novo_andamento_relevante"", ""atendido_por"": ""d730da06-030a-4921-bdb4-96b335a21d58"", ""auditado_por"": null, ""datajud_hash"": ""MjAyNi0wMy0wNVQxMzoxNzoyNS4wMDBa"", ""diasFaltando"": -46, ""evento_fonte"": ""djen"", ""linkConsulta"": ""https://www.google.com/search?q=consulta+processo+TJSP+1000644-34.2024.8.26.0470"", ""proximoPrazo"": ""2026-07-17"", ""statusManual"": ""Automatico"", ""evento_resumo"": ""Intimação / ciência"", ""nacionalidade"": ""BRASILEIRA"", ""ultimoRetorno"": ""2026-07-03"", ""djen_ultima_data"": ""2026-07-31T00:00:00.000Z"", ""djen_ultimo_link"": ""https://www.dje.tjsp.jus.br"", ""djen_consultado_em"": ""2026-08-26T14:28:16.316Z"", ""djen_ultimo_resumo"": ""Intimação / ciência"", ""tem_novo_andamento"": true, ""datajud_ultimo_nome"": ""Petição"", ""datajud_consultado_em"": ""2026-08-26T14:28:16.315+00:00"", ""djen_nova_comunicacao"": true, ""busca_apreensao_motivo"": null, ""em_cumprimento_sentenca"": true, ""indicio_busca_apreensao"": false, ""datajud_encerrado_motivo"": null, ""datajud_ultimo_movimento"": ""2026-03-05T13:17:25+00:00"", ""busca_apreensao_confianca"": null, ""datajud_encerrado_tribunal"": false, ""cumprimento_sentenca_motivo"": ""Procedência em Parte"", ""tem_atualizacao_pos_retorno"": false, ""busca_apreensao_consultado_em"": ""2026-08-03T04:06:02.973+00:00"", ""cumprimento_sentenca_consultado_em"": ""2026-08-26T14:28:16.315+00:00""}",d37fd4bb-1c71-4dca-b97e-292355918d39,d269f309-a461-4f01-b894-d3a7b54a4b7c,2026-07-03,2026-07-17,IMPROCEDENTE 1º INSTNCIA,Vencido,Crítico,EM ANDAMENTO,,JVA / GM,ERALDO / MATHEUS,,,,1000644-34.2024.8.26.0470,TJSP,,2026-03-05 13:17:25+00,Petição,2026-08-26 14:28:16.315+00,false,false,,false,,,2026-08-03 04:06:02.973+00,MjAyNi0wMy0wNVQxMzoxNzoyNS4wMDBa,true,Procedência em Parte,2026-08-26 14:28:16.315+00,2026-08-26 14:28:16.316+00,true,2026-07-31T00:00:00.000Z,Intimação / ciência,https://www.dje.tjsp.jus.br,3,80,true,true,,,,,,,,,BRASILEIRA,,,,,,,d730da06-030a-4921-bdb4-96b335a21d58,true,Procedência em Parte,true,,{},,false,,false,,2026-09-01 19:43:42.112776+00
208105,2026-07-27 19:52:29.547373+00,"{""id"": ""208105"", ""risco"": ""Crítico"", ""status"": ""Vencido"", ""cliente"": ""ANTONIO CARLOS RIBEIRO"", ""advogado"": ""MATHEUS"", ""situacao"": ""EM ANDAMENTO"", ""telefone"": """", ""tribunal"": ""TJSP"", ""protocolo"": ""1005365-07.2024.8.26.0348"", ""created_by"": ""e72a59fd-d85f-4b4d-bbe1-1966249a14cf"", ""djen_count"": 0, ""escritorio"": ""JVA / GM"", ""observacao"": ""RECURSO, AGUARDANDO MANIFESTAÇÃO"", ""auditado_em"": null, ""evento_tipo"": ""rotina"", ""atendido_por"": null, ""auditado_por"": null, ""datajud_hash"": ""MjAyNC0xMS0yMlQwMDowMDowMC4wMDBa"", ""diasFaltando"": -56, ""evento_fonte"": null, ""linkConsulta"": ""https://www.google.com/search?q=consulta+processo+TJSP+1005365-07.2024.8.26.0348"", ""proximoPrazo"": ""2026-07-07"", ""statusManual"": ""Automatico"", ""evento_resumo"": null, ""nacionalidade"": ""BRASILEIRA"", ""ultimoRetorno"": ""2026-07-06"", ""djen_ultima_data"": null, ""djen_ultimo_link"": ""https://comunica.pje.jus.br/#/consulta?numeroProcesso=1005365-07.2024.8.26.0348"", ""djen_consultado_em"": ""2026-08-26T01:08:34.346Z"", ""djen_ultimo_resumo"": null, ""tem_novo_andamento"": false, ""datajud_ultimo_nome"": ""Publicação"", ""datajud_consultado_em"": ""2026-08-26T01:08:34.346+00:00"", ""djen_nova_comunicacao"": false, ""busca_apreensao_motivo"": null, ""em_cumprimento_sentenca"": false, ""indicio_busca_apreensao"": false, ""datajud_encerrado_motivo"": null, ""datajud_ultimo_movimento"": ""2024-11-22T00:00:00+00:00"", ""busca_apreensao_confianca"": null, ""datajud_encerrado_tribunal"": false, ""cumprimento_sentenca_motivo"": null, ""tem_atualizacao_pos_retorno"": false, ""busca_apreensao_consultado_em"": ""2026-08-03T03:32:58.036+00:00"", ""cumprimento_sentenca_consultado_em"": ""2026-08-26T01:08:34.346+00:00""}",d37fd4bb-1c71-4dca-b97e-292355918d39,e72a59fd-d85f-4b4d-bbe1-1966249a14cf,2026-07-06,2026-07-07,"RECURSO, AGUARDANDO MANIFESTAÇÃO",Vencido,Crítico,EM ANDAMENTO,,JVA / GM,MATHEUS,,,,1005365-07.2024.8.26.0348,TJSP,,2024-11-22 00:00:00+00,Publicação,2026-08-26 01:08:34.346+00,false,false,,false,,,2026-08-03 03:32:58.036+00,MjAyNC0xMS0yMlQwMDowMDowMC4wMDBa,false,,2026-08-26 01:08:34.346+00,2026-08-26 01:08:34.346+00,false,,,https://comunica.pje.jus.br/#/consulta?numeroProcesso=1005365-07.2024.8.26.0348,0,40,true,true,,,,,,,,,BRASILEIRA,,,,,,,,false,,false,,{},,false,,false,,2026-09-01 19:43:41.632538+00
208106,2026-07-27 19:52:29.547373+00,"{""id"": ""208106"", ""risco"": ""Normal"", ""status"": ""No Prazo"", ""cliente"": ""ANTONIO CAVALCANTE MELLO"", ""advogado"": ""ANDRESSA"", ""situacao"": ""EM ANDAMENTO"", ""telefone"": """", ""tribunal"": ""TJSP"", ""protocolo"": ""4006691-03.2026.8.26.0405"", ""created_by"": ""4581d2fe-c358-45f9-a1bd-f90f93dce0fc"", ""djen_count"": 7, ""escritorio"": ""JVA / GM"", ""observacao"": ""Informei para o cliente: Referente ao seu processo, informo que vamos nos manifestar sobre o embargos apresentado pelo banco."", ""auditado_em"": ""2026-09-01"", ""evento_tipo"": ""rotina"", ""atendido_por"": ""4581d2fe-c358-45f9-a1bd-f90f93dce0fc"", ""auditado_por"": ""d730da06-030a-4921-bdb4-96b335a21d58"", ""datajud_hash"": ""MjAyNi0wNy0wNlQwNTowMzo1NC4wMDBa"", ""diasFaltando"": 14, ""evento_fonte"": null, ""linkConsulta"": ""https://www.google.com/search?q=consulta+processo+TJSP+4006691-03.2026.8.26.0405"", ""proximoPrazo"": ""2026-09-15"", ""statusManual"": ""Automatico"", ""evento_resumo"": null, ""nacionalidade"": ""BRASILEIRA"", ""ultimoRetorno"": ""2026-09-01"", ""djen_ultima_data"": ""2026-07-16T00:00:00.000Z"", ""djen_ultimo_link"": ""https://eproc1g.tjsp.jus.br/eproc/externo_controlador.php?acao=consulta_publica_documento&numProcesso=40066910320268260405&idDocumento=611784117884002367368444144061&hash=22e98e620a8ef6b0a8f592331053dbbe8359802af8c17f06579d38a608f6b127"", ""djen_consultado_em"": ""2026-08-26T11:52:59.512Z"", ""djen_ultimo_resumo"": ""Procedimento Comum Cível Nº 4006691-03.2026.8.26.0405/SP Assunto: Cláusulas Abusivas (Direito Bancário) AUTOR : ANTONIO …"", ""tem_novo_andamento"": false, ""datajud_ultimo_nome"": ""Publicação"", ""datajud_consultado_em"": ""2026-08-26T11:52:59.512+00:00"", ""djen_nova_comunicacao"": false, ""busca_apreensao_motivo"": null, ""em_cumprimento_sentenca"": true, ""indicio_busca_apreensao"": false, ""datajud_encerrado_motivo"": null, ""datajud_ultimo_movimento"": ""2026-07-06T05:03:54+00:00"", ""busca_apreensao_confianca"": null, ""datajud_encerrado_tribunal"": false, ""cumprimento_sentenca_motivo"": ""Procedência em Parte"", ""tem_atualizacao_pos_retorno"": false, ""busca_apreensao_consultado_em"": ""2026-08-03T03:37:16.926+00:00"", ""cumprimento_sentenca_consultado_em"": ""2026-08-26T11:52:59.512+00:00""}",d37fd4bb-1c71-4dca-b97e-292355918d39,4581d2fe-c358-45f9-a1bd-f90f93dce0fc,2026-09-01,2026-09-15,"Informei para o cliente: Referente ao seu processo, informo que vamos nos manifestar sobre o embargos apresentado pelo banco.",No Prazo,Normal,EM ANDAMENTO,,JVA / GM,ANDRESSA,,,,4006691-03.2026.8.26.0405,TJSP,,2026-07-06 05:03:54+00,Publicação,2026-08-26 11:52:59.512+00,false,false,,false,,,2026-08-03 03:37:16.926+00,MjAyNi0wNy0wNlQwNTowMzo1NC4wMDBa,true,Procedência em Parte,2026-08-26 11:52:59.512+00,2026-08-26 11:52:59.512+00,false,2026-07-16T00:00:00.000Z,Procedimento Comum Cível Nº 4006691-03.2026.8.26.0405/SP Assunto: Cláusulas Abusivas (Direito Bancário) AUTOR : ANTONIO …,https://eproc1g.tjsp.jus.br/eproc/externo_controlador.php?acao=consulta_publica_documento&numProcesso=40066910320268260405&idDocumento=611784117884002367368444144061&hash=22e98e620a8ef6b0a8f592331053dbbe8359802af8c17f06579d38a608f6b127,7,65,true,true,,,,,,,,,BRASILEIRA,,,,,,,4581d2fe-c358-45f9-a1bd-f90f93dce0fc,false,,true,,{},,false,,false,,2026-09-01 19:43:41.853321+00
208107,2026-07-27 19:52:29.547373+00,"{""id"": ""208107"", ""risco"": ""Crítico"", ""status"": ""Vencido"", ""cliente"": ""ANTONIO DE PADUA PEREIRA DE SIQUEIRA"", ""advogado"": ""ISAI / ERALDO"", ""situacao"": ""EM ANDAMENTO"", ""telefone"": """", ""tribunal"": ""TJPE"", ""protocolo"": ""0008963-93.2023.8.17.3250"", ""created_by"": ""d730da06-030a-4921-bdb4-96b335a21d58"", ""djen_count"": 0, ""escritorio"": ""HUGS"", ""observacao"": ""CONCLUSO"", ""auditado_em"": null, ""evento_tipo"": ""rotina"", ""atendido_por"": ""d269f309-a461-4f01-b894-d3a7b54a4b7c"", ""auditado_por"": null, ""datajud_hash"": ""MjAyNS0wOC0yMlQxMzozNjoyMS4wMDBa"", ""diasFaltando"": -47, ""evento_fonte"": null, ""linkConsulta"": ""https://www.google.com/search?q=consulta+processo+TJPE+0008963-93.2023.8.17.3250"", ""proximoPrazo"": ""2026-07-16"", ""statusManual"": ""Automatico"", ""evento_resumo"": null, ""nacionalidade"": ""BRASILEIRA"", ""ultimoRetorno"": ""2026-07-08"", ""djen_ultima_data"": null, ""djen_ultimo_link"": ""https://comunica.pje.jus.br/#/consulta?numeroProcesso=0008963-93.2023.8.17.3250"", ""djen_consultado_em"": ""2026-08-26T01:17:40.258Z"", ""djen_ultimo_resumo"": null, ""tem_novo_andamento"": false, ""datajud_ultimo_nome"": ""Petição"", ""datajud_consultado_em"": ""2026-08-26T01:17:40.258+00:00"", ""djen_nova_comunicacao"": false, ""busca_apreensao_motivo"": null, ""em_cumprimento_sentenca"": false, ""indicio_busca_apreensao"": false, ""datajud_encerrado_motivo"": null, ""datajud_ultimo_movimento"": ""2025-08-22T13:36:21+00:00"", ""busca_apreensao_confianca"": null, ""datajud_encerrado_tribunal"": false, ""cumprimento_sentenca_motivo"": null, ""tem_atualizacao_pos_retorno"": false, ""busca_apreensao_consultado_em"": ""2026-08-03T03:53:13.435+00:00"", ""cumprimento_sentenca_consultado_em"": ""2026-08-26T01:17:40.258+00:00""}",d37fd4bb-1c71-4dca-b97e-292355918d39,d730da06-030a-4921-bdb4-96b335a21d58,2026-07-08,2026-07-16,CONCLUSO,Vencido,Crítico,EM ANDAMENTO,,HUGS,ISAI / ERALDO,,,,0008963-93.2023.8.17.3250,TJPE,,2025-08-22 13:36:21+00,Petição,2026-08-26 01:17:40.258+00,false,false,,false,,,2026-08-03 03:53:13.435+00,MjAyNS0wOC0yMlQxMzozNjoyMS4wMDBa,false,,2026-08-26 01:17:40.258+00,2026-08-26 01:17:40.258+00,false,,,https://comunica.pje.jus.br/#/consulta?numeroProcesso=0008963-93.2023.8.17.3250,0,40,true,true,,,,,,,,,BRASILEIRA,,,,,,,d269f309-a461-4f01-b894-d3a7b54a4b7c,false,,false,,{},,false,,false,,2026-09-01 19:43:41.632538+00
208108,2026-07-27 19:52:29.547373+00,"{""id"": ""208108"", ""risco"": ""Normal"", ""status"": ""Sem Prazo"", ""cliente"": ""ANTONIO MARCOS SILVA  5 (IMÓVEL CAIXA ECONOMICA)"", ""advogado"": ""TAMIRIS"", ""situacao"": ""IMÓVEL"", ""telefone"": ""94992420012"", ""tribunal"": ""Tjpa"", ""protocolo"": ""0803757-44.2025.8.14.0028"", ""created_by"": ""d269f309-a461-4f01-b894-d3a7b54a4b7c"", ""djen_count"": 0, ""escritorio"": """", ""observacao"": ""ENCERRADO"", ""auditado_em"": null, ""evento_tipo"": ""rotina"", ""atendido_por"": ""e72a59fd-d85f-4b4d-bbe1-1966249a14cf"", ""auditado_por"": null, ""datajud_hash"": null, ""diasFaltando"": null, ""evento_fonte"": null, ""linkConsulta"": ""https://www.google.com/search?q=consulta+processo+Tjpa+0803757-44.2025.8.14.0028"", ""proximoPrazo"": """", ""statusManual"": ""Automatico"", ""evento_resumo"": null, ""nacionalidade"": ""BRASILEIRA"", ""ultimoRetorno"": """", ""djen_ultima_data"": null, ""djen_ultimo_link"": ""https://comunica.pje.jus.br/#/consulta?numeroProcesso=0803757-44.2025.8.14.0028"", ""djen_consultado_em"": ""2026-08-26T17:17:15.498Z"", ""djen_ultimo_resumo"": null, ""tem_novo_andamento"": false, ""datajud_ultimo_nome"": ""Definitivo"", ""datajud_consultado_em"": ""2026-08-26T17:17:15.498+00:00"", ""djen_nova_comunicacao"": false, ""busca_apreensao_motivo"": null, ""em_cumprimento_sentenca"": false, ""indicio_busca_apreensao"": false, ""datajud_encerrado_motivo"": null, ""datajud_ultimo_movimento"": ""2025-06-26T10:15:57+00:00"", ""busca_apreensao_confianca"": null, ""datajud_encerrado_tribunal"": false, ""cumprimento_sentenca_motivo"": null, ""tem_atualizacao_pos_retorno"": false, ""busca_apreensao_consultado_em"": null, ""cumprimento_sentenca_consultado_em"": ""2026-08-26T17:17:15.498+00:00""}",d37fd4bb-1c71-4dca-b97e-292355918d39,d269f309-a461-4f01-b894-d3a7b54a4b7c,,,ENCERRADO,Sem Prazo,Normal,IMÓVEL,,,TAMIRIS,,,94992420012,0803757-44.2025.8.14.0028,Tjpa,,2025-06-26 10:15:57+00,Definitivo,2026-08-26 17:17:15.498+00,false,false,,false,,,,,false,,2026-08-26 17:17:15.498+00,2026-08-26 17:17:15.498+00,false,,,https://comunica.pje.jus.br/#/consulta?numeroProcesso=0803757-44.2025.8.14.0028,0,40,,,,,,,,,,,BRASILEIRA,,,,,,,e72a59fd-d85f-4b4d-bbe1-1966249a14cf,false,,false,,{},,false,,false,,2026-09-01 19:43:41.386398+00
208109,2026-07-27 19:52:29.547373+00,"{""id"": ""208109"", ""risco"": ""Crítico"", ""status"": ""Vencido"", ""cliente"": ""ANTONIO MONTEIRO DA CRUZ FILHO"", ""advogado"": ""ERALDO / MATHEUS"", ""situacao"": ""EM ANDAMENTO"", ""telefone"": """", ""tribunal"": ""TJBA"", ""protocolo"": ""8001805-13.2024.8.05.0124"", ""created_by"": ""e72a59fd-d85f-4b4d-bbe1-1966249a14cf"", ""djen_count"": 0, ""escritorio"": ""JVA / GM"", ""observacao"": ""JUNTADA DE DOCUMENTAÇÃO / AGUARDANDO A MANIFESTAÇÃO DO JUIZ"", ""auditado_em"": null, ""evento_tipo"": ""rotina"", ""atendido_por"": ""d730da06-030a-4921-bdb4-96b335a21d58"", ""auditado_por"": null, ""datajud_hash"": ""MjAyNS0wMy0yNlQwMDowMDowMC4wMDBa"", ""diasFaltando"": -39, ""evento_fonte"": null, ""linkConsulta"": ""https://www.google.com/search?q=consulta+processo+TJBA+8001805-13.2024.8.05.0124"", ""proximoPrazo"": ""2026-07-24"", ""statusManual"": ""Automatico"", ""evento_resumo"": null, ""nacionalidade"": ""BRASILEIRA"", ""ultimoRetorno"": ""2026-07-06"", ""djen_ultima_data"": null, ""djen_ultimo_link"": ""https://comunica.pje.jus.br/#/consulta?numeroProcesso=8001805-13.2024.8.05.0124"", ""djen_consultado_em"": ""2026-08-26T01:35:33.196Z"", ""djen_ultimo_resumo"": null, ""tem_novo_andamento"": false, ""datajud_ultimo_nome"": ""Petição"", ""datajud_consultado_em"": ""2026-08-26T01:35:33.196+00:00"", ""djen_nova_comunicacao"": false, ""busca_apreensao_motivo"": null, ""em_cumprimento_sentenca"": false, ""indicio_busca_apreensao"": false, ""datajud_encerrado_motivo"": null, ""datajud_ultimo_movimento"": ""2025-03-26T00:00:00+00:00"", ""busca_apreensao_confianca"": null, ""datajud_encerrado_tribunal"": false, ""cumprimento_sentenca_motivo"": null, ""tem_atualizacao_pos_retorno"": false, ""busca_apreensao_consultado_em"": ""2026-08-03T03:56:58.583+00:00"", ""cumprimento_sentenca_consultado_em"": ""2026-08-26T01:35:33.196+00:00""}",d37fd4bb-1c71-4dca-b97e-292355918d39,e72a59fd-d85f-4b4d-bbe1-1966249a14cf,2026-07-06,2026-07-24,JUNTADA DE DOCUMENTAÇÃO / AGUARDANDO A MANIFESTAÇÃO DO JUIZ,Vencido,Crítico,EM ANDAMENTO,,JVA / GM,ERALDO / MATHEUS,,,,8001805-13.2024.8.05.0124,TJBA,,2025-03-26 00:00:00+00,Petição,2026-08-26 01:35:33.196+00,false,false,,false,,,2026-08-03 03:56:58.583+00,MjAyNS0wMy0yNlQwMDowMDowMC4wMDBa,false,,2026-08-26 01:35:33.196+00,2026-08-26 01:35:33.196+00,false,,,https://comunica.pje.jus.br/#/consulta?numeroProcesso=8001805-13.2024.8.05.0124,0,40,true,true,,,,,,,,,BRASILEIRA,,,,,,,d730da06-030a-4921-bdb4-96b335a21d58,false,,false,,{},,false,,false,,2026-09-01 19:43:41.853321+00
208110,2026-07-27 19:52:29.547373+00,"{""id"": ""208110"", ""risco"": ""Normal"", ""status"": ""No Prazo"", ""cliente"": ""ARTUR DA SILVEIRA SOUZA AGNOLETTO"", ""advogado"": ""MAIKON / ANDRESSA"", ""situacao"": ""ENTREGA AMIGÁVEL"", ""telefone"": """", ""tribunal"": ""TJSP"", ""protocolo"": ""4000142-33.2026.8.26.0451"", ""created_by"": ""4581d2fe-c358-45f9-a1bd-f90f93dce0fc"", ""djen_count"": 6, ""escritorio"": ""JVA / GM"", ""observacao"": ""CLIENTE INFORMOU QUE REALIZOU A ENTREGA DO VEÍCULO / ACOMPANHAR BAIXA DO PROCESSO\n\nIMPROCEDENTE / HONORÁRIOS "", ""auditado_em"": null, ""evento_tipo"": ""sentenca_improcedente"", ""atendido_por"": ""e6e05b7b-dc9b-4786-9f3f-4bbbf3a922f9"", ""auditado_por"": null, ""datajud_hash"": ""MjAyNi0wNi0xMVQwMTozNzo0OS4wMDBa"", ""diasFaltando"": 17, ""evento_fonte"": null, ""linkConsulta"": ""https://www.google.com/search?q=consulta+processo+TJSP+4000142-33.2026.8.26.0451"", ""proximoPrazo"": ""2026-09-18"", ""statusManual"": ""Automatico"", ""evento_resumo"": ""Sentença improcedente"", ""nacionalidade"": ""BRASILEIRA"", ""ultimoRetorno"": ""2026-08-14"", ""djen_ultima_data"": ""2026-05-15T00:00:00.000Z"", ""djen_ultimo_link"": ""https://eproc1g.tjsp.jus.br/eproc/externo_controlador.php?acao=consulta_publica_documento&numProcesso=40001423320268260451&idDocumento=611778758354667476256559301351&hash=a17982264d5efcf18f976007982b4079131057e77ebc8c60fccd0b8a8acdcce8"", ""djen_consultado_em"": ""2026-08-26T11:47:27.818Z"", ""djen_ultimo_resumo"": ""Sentença improcedente"", ""tem_novo_andamento"": false, ""datajud_ultimo_nome"": ""Decurso de Prazo"", ""datajud_consultado_em"": ""2026-08-26T11:47:27.818+00:00"", ""djen_nova_comunicacao"": false, ""busca_apreensao_motivo"": null, ""em_cumprimento_sentenca"": false, ""indicio_busca_apreensao"": false, ""datajud_encerrado_motivo"": null, ""datajud_ultimo_movimento"": ""2026-06-11T01:37:49+00:00"", ""busca_apreensao_confianca"": null, ""datajud_encerrado_tribunal"": false, ""cumprimento_sentenca_motivo"": null, ""tem_atualizacao_pos_retorno"": false, ""busca_apreensao_consultado_em"": ""2026-08-03T04:08:26.523+00:00"", ""cumprimento_sentenca_consultado_em"": ""2026-08-26T11:47:27.818+00:00""}",d37fd4bb-1c71-4dca-b97e-292355918d39,4581d2fe-c358-45f9-a1bd-f90f93dce0fc,2026-08-14,2026-09-18,"CLIENTE INFORMOU QUE REALIZOU A ENTREGA DO VEÍCULO / ACOMPANHAR BAIXA DO PROCESSO

IMPROCEDENTE / HONORÁRIOS ",No Prazo,Normal,ENTREGA AMIGÁVEL,,JVA / GM,MAIKON / ANDRESSA,,,,4000142-33.2026.8.26.0451,TJSP,,2026-06-11 01:37:49+00,Decurso de Prazo,2026-08-26 11:47:27.818+00,false,false,,false,,,2026-08-03 04:08:26.523+00,MjAyNi0wNi0xMVQwMTozNzo0OS4wMDBa,false,,2026-08-26 11:47:27.818+00,2026-08-26 11:47:27.818+00,false,2026-05-15T00:00:00.000Z,Sentença improcedente,https://eproc1g.tjsp.jus.br/eproc/externo_controlador.php?acao=consulta_publica_documento&numProcesso=40001423320268260451&idDocumento=611778758354667476256559301351&hash=a17982264d5efcf18f976007982b4079131057e77ebc8c60fccd0b8a8acdcce8,6,40,true,true,,,,,,,,,BRASILEIRA,,,,,,,e6e05b7b-dc9b-4786-9f3f-4bbbf3a922f9,false,,false,,{},,false,,false,,2026-09-01 19:43:42.112776+00
208111,2026-07-27 19:52:29.547373+00,"{""id"": ""208111"", ""risco"": ""Normal"", ""status"": ""No Prazo"", ""cliente"": ""ARTUR DE PAULA FALCONI - BANCO DO BRASIL"", ""advogado"": ""RAFAELA / RENATO"", ""situacao"": ""EM ANDAMENTO"", ""telefone"": """", ""tribunal"": ""TJMG"", ""protocolo"": ""5000837-63.2024.8.13.0398"", ""created_by"": ""d730da06-030a-4921-bdb4-96b335a21d58"", ""djen_count"": 0, ""escritorio"": ""MEDIARI"", ""observacao"": ""CONCLUSOS PARA DECISÃO"", ""auditado_em"": ""2026-08-14"", ""evento_tipo"": ""rotina"", ""atendido_por"": ""d269f309-a461-4f01-b894-d3a7b54a4b7c"", ""auditado_por"": ""e72a59fd-d85f-4b4d-bbe1-1966249a14cf"", ""datajud_hash"": ""MjAyNi0wNi0xMFQxODowNToyMC4wMDBa"", ""diasFaltando"": 15, ""evento_fonte"": null, ""linkConsulta"": ""https://www.google.com/search?q=consulta+processo+TJMG+5000837-63.2024.8.13.0398"", ""proximoPrazo"": ""2026-09-16"", ""statusManual"": ""Automatico"", ""evento_resumo"": ""Conclusão dos autos; movimentação processual de rotina."", ""nacionalidade"": ""BRASILEIRA"", ""ultimoRetorno"": ""2026-08-28"", ""djen_ultima_data"": null, ""djen_ultimo_link"": ""https://comunica.pje.jus.br/#/consulta?numeroProcesso=5000837-63.2024.8.13.0398"", ""djen_consultado_em"": ""2026-08-26T12:00:20.997Z"", ""djen_ultimo_resumo"": null, ""tem_novo_andamento"": false, ""datajud_ultimo_nome"": ""Conclusão"", ""datajud_consultado_em"": ""2026-08-26T12:00:20.997+00:00"", ""djen_nova_comunicacao"": false, ""busca_apreensao_motivo"": null, ""em_cumprimento_sentenca"": false, ""indicio_busca_apreensao"": false, ""datajud_encerrado_motivo"": null, ""datajud_ultimo_movimento"": ""2026-06-10T18:05:20+00:00"", ""busca_apreensao_confianca"": null, ""datajud_encerrado_tribunal"": false, ""cumprimento_sentenca_motivo"": null, ""tem_atualizacao_pos_retorno"": false, ""busca_apreensao_consultado_em"": ""2026-08-03T04:09:46.694+00:00"", ""cumprimento_sentenca_consultado_em"": ""2026-08-26T12:00:20.997+00:00""}",d37fd4bb-1c71-4dca-b97e-292355918d39,d730da06-030a-4921-bdb4-96b335a21d58,2026-08-28,2026-09-16,CONCLUSOS PARA DECISÃO,No Prazo,Normal,EM ANDAMENTO,,MEDIARI,RAFAELA / RENATO,,,,5000837-63.2024.8.13.0398,TJMG,,2026-06-10 18:05:20+00,Conclusão,2026-08-26 12:00:20.997+00,false,false,,false,,,2026-08-03 04:09:46.694+00,MjAyNi0wNi0xMFQxODowNToyMC4wMDBa,false,,2026-08-26 12:00:20.997+00,2026-08-26 12:00:20.997+00,false,,,https://comunica.pje.jus.br/#/consulta?numeroProcesso=5000837-63.2024.8.13.0398,0,40,true,true,,,,,,,,,BRASILEIRA,,,,,2026-08-14,e72a59fd-d85f-4b4d-bbe1-1966249a14cf,d269f309-a461-4f01-b894-d3a7b54a4b7c,false,,false,,{},,false,,false,,2026-09-01 19:43:41.632538+00
208112,2026-07-27 19:52:29.547373+00,"{""id"": ""208112"", ""risco"": ""Normal"", ""status"": ""No Prazo"", ""cliente"": ""ARTUR DE PAULA FALCONI - EMPRÉSTIMO UNICRED"", ""advogado"": ""RAFAELA / RENATO"", ""situacao"": ""EM ANDAMENTO"", ""telefone"": """", ""tribunal"": ""TJMG"", ""protocolo"": ""5000598-59.2024.8.13.0398"", ""created_by"": ""d269f309-a461-4f01-b894-d3a7b54a4b7c"", ""djen_count"": 4, ""escritorio"": ""MEDIARI"", ""observacao"": ""PERITO EMITIU LAUDO SEM ABUSIVIDADE"", ""auditado_em"": ""2026-08-28"", ""evento_tipo"": ""novo_andamento_relevante"", ""atendido_por"": ""e72a59fd-d85f-4b4d-bbe1-1966249a14cf"", ""auditado_por"": ""d730da06-030a-4921-bdb4-96b335a21d58"", ""datajud_hash"": ""MjAyNi0wNy0yM1QwNzo1OToxNC4wMDBa"", ""diasFaltando"": 15, ""evento_fonte"": null, ""linkConsulta"": ""https://www.google.com/search?q=consulta+processo+TJMG+5000598-59.2024.8.13.0398"", ""proximoPrazo"": ""2026-09-16"", ""statusManual"": ""Automatico"", ""evento_resumo"": ""PODER JUDICIÁRIO DO ESTADO DE MINAS GERAIS Justiça de Primeira Instância Comarca de Mar De Espanha / Vara Única da Comar…"", ""nacionalidade"": ""BRASILEIRA"", ""ultimoRetorno"": ""2026-08-28"", ""djen_ultima_data"": ""2026-07-15T00:00:00.000Z"", ""djen_ultimo_link"": ""https://pje.tjmg.jus.br:443/pje/Processo/ConsultaDocumento/listView.seam?x=26071412543061600010709794105"", ""djen_consultado_em"": ""2026-08-26T11:59:50.804Z"", ""djen_ultimo_resumo"": ""PODER JUDICIÁRIO DO ESTADO DE MINAS GERAIS Justiça de Primeira Instância Comarca de Mar De Espanha / Vara Única da Comar…"", ""tem_novo_andamento"": false, ""datajud_ultimo_nome"": ""Petição"", ""datajud_consultado_em"": ""2026-08-26T11:59:50.804+00:00"", ""djen_nova_comunicacao"": false, ""busca_apreensao_motivo"": null, ""em_cumprimento_sentenca"": false, ""indicio_busca_apreensao"": false, ""datajud_encerrado_motivo"": null, ""datajud_ultimo_movimento"": ""2026-07-23T07:59:14+00:00"", ""busca_apreensao_confianca"": null, ""datajud_encerrado_tribunal"": false, ""cumprimento_sentenca_motivo"": null, ""tem_atualizacao_pos_retorno"": false, ""busca_apreensao_consultado_em"": ""2026-08-03T03:57:05.409+00:00"", ""cumprimento_sentenca_consultado_em"": ""2026-08-26T11:59:50.804+00:00""}",d37fd4bb-1c71-4dca-b97e-292355918d39,d269f309-a461-4f01-b894-d3a7b54a4b7c,2026-08-28,2026-09-16,PERITO EMITIU LAUDO SEM ABUSIVIDADE,No Prazo,Normal,EM ANDAMENTO,,MEDIARI,RAFAELA / RENATO,,,,5000598-59.2024.8.13.0398,TJMG,,2026-07-23 07:59:14+00,Petição,2026-08-26 11:59:50.804+00,false,false,,false,,,2026-08-03 03:57:05.409+00,MjAyNi0wNy0yM1QwNzo1OToxNC4wMDBa,false,,2026-08-26 11:59:50.804+00,2026-08-26 11:59:50.804+00,false,2026-07-15T00:00:00.000Z,PODER JUDICIÁRIO DO ESTADO DE MINAS GERAIS Justiça de Primeira Instância Comarca de Mar De Espanha / Vara Única da Comar…,https://pje.tjmg.jus.br:443/pje/Processo/ConsultaDocumento/listView.seam?x=26071412543061600010709794105,4,40,true,true,,,,,,,,,BRASILEIRA,,,,,,,e72a59fd-d85f-4b4d-bbe1-1966249a14cf,false,,false,,{},,false,,false,,2026-09-01 19:43:42.579127+00
208113,2026-07-27 19:52:29.547373+00,"{""id"": ""208113"", ""risco"": ""Normal"", ""status"": ""No Prazo"", ""cliente"": ""ARTUR DE PAULA FALCONI - JEEP"", ""advogado"": ""ERALDO / RENATO"", ""situacao"": ""EM ANDAMENTO"", ""telefone"": """", ""tribunal"": ""TJMG"", ""protocolo"": ""5000476-46.2024.8.13.0398"", ""created_by"": ""e72a59fd-d85f-4b4d-bbe1-1966249a14cf"", ""djen_count"": 0, ""escritorio"": ""JVA / GM"", ""observacao"": ""INSTAURADO O CUMPRIMENTO"", ""auditado_em"": ""2026-08-28"", ""evento_tipo"": ""rotina"", ""atendido_por"": ""af1b75ea-cb64-4ebc-b4ad-ce1ce1fc01c5"", ""auditado_por"": ""af1b75ea-cb64-4ebc-b4ad-ce1ce1fc01c5"", ""datajud_hash"": ""MjAyNS0xMC0xNFQxNzo1MDowNS4wMDBa"", ""diasFaltando"": 15, ""evento_fonte"": null, ""linkConsulta"": ""https://www.google.com/search?q=consulta+processo+TJMG+5000476-46.2024.8.13.0398"", ""proximoPrazo"": ""2026-09-16"", ""statusManual"": ""Automatico"", ""evento_resumo"": null, ""nacionalidade"": ""BRASILEIRA"", ""ultimoRetorno"": ""2026-08-28"", ""djen_ultima_data"": null, ""djen_ultimo_link"": ""https://comunica.pje.jus.br/#/consulta?numeroProcesso=5000476-46.2024.8.13.0398"", ""djen_consultado_em"": ""2026-08-26T11:21:11.056Z"", ""djen_ultimo_resumo"": null, ""tem_novo_andamento"": false, ""datajud_ultimo_nome"": ""Expedição de documento"", ""datajud_consultado_em"": ""2026-08-26T11:21:11.056+00:00"", ""djen_nova_comunicacao"": false, ""busca_apreensao_motivo"": null, ""em_cumprimento_sentenca"": true, ""indicio_busca_apreensao"": false, ""datajud_encerrado_motivo"": null, ""datajud_ultimo_movimento"": ""2025-10-14T17:50:05+00:00"", ""busca_apreensao_confianca"": null, ""datajud_encerrado_tribunal"": false, ""cumprimento_sentenca_motivo"": ""Procedência em Parte"", ""tem_atualizacao_pos_retorno"": false, ""busca_apreensao_consultado_em"": ""2026-08-03T03:51:19.647+00:00"", ""cumprimento_sentenca_consultado_em"": ""2026-08-26T11:21:11.056+00:00""}",d37fd4bb-1c71-4dca-b97e-292355918d39,e72a59fd-d85f-4b4d-bbe1-1966249a14cf,2026-08-28,2026-09-16,INSTAURADO O CUMPRIMENTO,No Prazo,Normal,EM ANDAMENTO,,JVA / GM,ERALDO / RENATO,,,,5000476-46.2024.8.13.0398,TJMG,,2025-10-14 17:50:05+00,Expedição de documento,2026-08-26 11:21:11.056+00,false,false,,false,,,2026-08-03 03:51:19.647+00,MjAyNS0xMC0xNFQxNzo1MDowNS4wMDBa,true,Procedência em Parte,2026-08-26 11:21:11.056+00,2026-08-26 11:21:11.056+00,false,,,https://comunica.pje.jus.br/#/consulta?numeroProcesso=5000476-46.2024.8.13.0398,0,65,true,true,,,,,,,,,BRASILEIRA,,,,,,af1b75ea-cb64-4ebc-b4ad-ce1ce1fc01c5,af1b75ea-cb64-4ebc-b4ad-ce1ce1fc01c5,false,,true,,{},,false,,false,,2026-09-01 19:43:42.339702+00
208114,2026-07-27 19:52:29.547373+00,"{""id"": ""208114"", ""risco"": ""Crítico"", ""status"": ""Vencido"", ""cliente"": ""AVIDES ZANOLI CASSIANO"", ""advogado"": ""ANDRESSA"", ""situacao"": ""EM ANDAMENTO"", ""telefone"": """", ""tribunal"": ""TJSP"", ""protocolo"": ""4018994-94.2026.8.26.0002"", ""created_by"": ""4581d2fe-c358-45f9-a1bd-f90f93dce0fc"", ""djen_count"": 4, ""escritorio"": ""JVA / GM"", ""observacao"": "" J. GRATUITA/ DOCUMENTOS ENVIADO PARA A BRUNA / SUBSTABELECIMENTO DA FINANCEIRA "", ""auditado_em"": ""2026-08-17"", ""evento_tipo"": ""novo_andamento_relevante"", ""atendido_por"": ""4581d2fe-c358-45f9-a1bd-f90f93dce0fc"", ""auditado_por"": ""e72a59fd-d85f-4b4d-bbe1-1966249a14cf"", ""datajud_hash"": ""MjAyNi0wNy0wM1QwMTo1MToyNC4wMDBa"", ""diasFaltando"": -1, ""evento_fonte"": null, ""linkConsulta"": ""https://www.google.com/search?q=consulta+processo+TJSP+4018994-94.2026.8.26.0002"", ""proximoPrazo"": ""2026-08-31"", ""statusManual"": ""Automatico"", ""evento_resumo"": ""Decurso de Prazo"", ""nacionalidade"": ""BRASILEIRA"", ""ultimoRetorno"": ""2026-08-17"", ""djen_ultima_data"": ""2026-06-10T00:00:00.000Z"", ""djen_ultimo_link"": ""https://eproc1g.tjsp.jus.br/eproc/externo_controlador.php?acao=consulta_publica_documento&numProcesso=40189949420268260002&idDocumento=611780946089550084655742437466&hash=75c70961a70fd5125fc7d1f4246585c338f597fa0b7d15e7251cbfe8865b571a"", ""djen_consultado_em"": ""2026-08-17T15:01:15.565Z"", ""djen_ultimo_resumo"": ""Sentença / decisão de mérito"", ""tem_novo_andamento"": false, ""datajud_ultimo_nome"": ""Decurso de Prazo"", ""datajud_consultado_em"": ""2026-08-17T15:01:15.565+00:00"", ""djen_nova_comunicacao"": false, ""busca_apreensao_motivo"": null, ""em_cumprimento_sentenca"": false, ""indicio_busca_apreensao"": false, ""datajud_encerrado_motivo"": null, ""datajud_ultimo_movimento"": ""2026-07-03T01:51:24+00:00"", ""busca_apreensao_confianca"": null, ""datajud_encerrado_tribunal"": false, ""cumprimento_sentenca_motivo"": null, ""tem_atualizacao_pos_retorno"": false, ""busca_apreensao_consultado_em"": ""2026-08-03T03:55:04.9+00:00"", ""cumprimento_sentenca_consultado_em"": ""2026-08-17T15:01:15.565+00:00""}",d37fd4bb-1c71-4dca-b97e-292355918d39,4581d2fe-c358-45f9-a1bd-f90f93dce0fc,2026-08-17,2026-08-31," J. GRATUITA/ DOCUMENTOS ENVIADO PARA A BRUNA / SUBSTABELECIMENTO DA FINANCEIRA ",Vencido,Crítico,EM ANDAMENTO,,JVA / GM,ANDRESSA,,,,4018994-94.2026.8.26.0002,TJSP,,2026-07-03 01:51:24+00,Decurso de Prazo,2026-08-17 15:01:15.565+00,false,false,,false,,,2026-08-03 03:55:04.9+00,MjAyNi0wNy0wM1QwMTo1MToyNC4wMDBa,false,,2026-08-17 15:01:15.565+00,2026-08-17 15:01:15.565+00,false,2026-06-10T00:00:00.000Z,Sentença / decisão de mérito,https://eproc1g.tjsp.jus.br/eproc/externo_controlador.php?acao=consulta_publica_documento&numProcesso=40189949420268260002&idDocumento=611780946089550084655742437466&hash=75c70961a70fd5125fc7d1f4246585c338f597fa0b7d15e7251cbfe8865b571a,4,40,true,true,,,,,,,,,BRASILEIRA,,,,,,,4581d2fe-c358-45f9-a1bd-f90f93dce0fc,false,,false,,{},,false,,false,,2026-09-01 19:43:42.339702+00
208115,2026-07-27 19:52:29.547373+00,"{""id"": ""208115"", ""risco"": ""Normal"", ""status"": ""Encerrado"", ""cliente"": ""BEATRIZ POLIANA JESUS DE OLIVEIRA"", ""advogado"": ""ANDRESSA"", ""situacao"": ""ENCERRADO"", ""telefone"": """", ""tribunal"": ""TJSP"", ""protocolo"": ""4004982-48.2026.8.26.0011"", ""created_by"": ""d730da06-030a-4921-bdb4-96b335a21d58"", ""djen_count"": 5, ""escritorio"": ""JVA / GM"", ""observacao"": ""EMENDA INICIAL"", ""auditado_em"": null, ""evento_tipo"": ""transito_ou_baixa"", ""atendido_por"": ""af1b75ea-cb64-4ebc-b4ad-ce1ce1fc01c5"", ""auditado_por"": ""af1b75ea-cb64-4ebc-b4ad-ce1ce1fc01c5"", ""datajud_hash"": ""MjAyNi0wNy0wM1QwMzo0Njo0MC4wMDBa"", ""diasFaltando"": null, ""evento_fonte"": null, ""linkConsulta"": ""https://www.google.com/search?q=consulta+processo+TJSP+4004982-48.2026.8.26.0011"", ""proximoPrazo"": """", ""statusManual"": ""Encerrado"", ""evento_resumo"": null, ""nacionalidade"": ""BRASILEIRA"", ""ultimoRetorno"": ""2026-09-01"", ""djen_ultima_data"": ""2026-07-03T00:00:00.000Z"", ""djen_ultimo_link"": ""https://eproc1g.tjsp.jus.br/eproc/externo_controlador.php?acao=consulta_publica_documento&numProcesso=40049824820268260011&idDocumento=611782994012039491292799169885&hash=2f49a10a993db63e7e251c52a3e4d3f21bf66f3cd249dd227c69d5fc03da96b1"", ""djen_consultado_em"": ""2026-09-01T18:44:55.350Z"", ""djen_ultimo_resumo"": ""Extinção / cancelamento da distribuição"", ""tem_novo_andamento"": false, ""datajud_ultimo_nome"": ""Disponibilização no Diário da Justiça Eletrônico"", ""datajud_consultado_em"": ""2026-09-01T18:44:55.35+00:00"", ""djen_nova_comunicacao"": false, ""busca_apreensao_motivo"": null, ""em_cumprimento_sentenca"": false, ""indicio_busca_apreensao"": false, ""datajud_encerrado_motivo"": null, ""datajud_ultimo_movimento"": ""2026-07-03T03:46:40+00:00"", ""busca_apreensao_confianca"": null, ""datajud_encerrado_tribunal"": true, ""cumprimento_sentenca_motivo"": ""Planilha CASOS DE CS · W1 CONTROL"", ""tem_atualizacao_pos_retorno"": false, ""busca_apreensao_consultado_em"": ""2026-08-03T03:54:05.28+00:00"", ""cumprimento_sentenca_consultado_em"": ""2026-09-01T18:44:55.35+00:00""}",d37fd4bb-1c71-4dca-b97e-292355918d39,d730da06-030a-4921-bdb4-96b335a21d58,2026-09-01,,EMENDA INICIAL,Encerrado,Normal,ENCERRADO,,JVA / GM,ANDRESSA,,,,4004982-48.2026.8.26.0011,TJSP,,2026-07-03 03:46:40+00,Disponibilização no Diário da Justiça Eletrônico,2026-09-01 18:44:55.35+00,false,true,,false,,,2026-08-03 03:54:05.28+00,MjAyNi0wNy0wM1QwMzo0Njo0MC4wMDBa,false,Planilha CASOS DE CS · W1 CONTROL,2026-09-01 18:44:55.35+00,2026-09-01 18:44:55.35+00,false,2026-07-03T00:00:00.000Z,Extinção / cancelamento da distribuição,https://eproc1g.tjsp.jus.br/eproc/externo_controlador.php?acao=consulta_publica_documento&numProcesso=40049824820268260011&idDocumento=611782994012039491292799169885&hash=2f49a10a993db63e7e251c52a3e4d3f21bf66f3cd249dd227c69d5fc03da96b1,5,90,true,true,,,,,,,,,BRASILEIRA,,,,,,af1b75ea-cb64-4ebc-b4ad-ce1ce1fc01c5,af1b75ea-cb64-4ebc-b4ad-ce1ce1fc01c5,false,,false,,{},,false,,false,,2026-09-01 19:43:42.339702+00
208116,2026-07-27 19:52:29.547373+00,"{""id"": ""208116"", ""cpf"": ""49619168895"", ""email"": ""biancadurval@facebook.com.br"", ""risco"": ""Normal"", ""status"": ""Encerrado"", ""cliente"": ""BIANCA SANTOS DURVAL"", ""emprego"": ""CABELEREIRA"", ""advogado"": ""DIEGO"", ""situacao"": ""ENCERRADO"", ""telefone"": ""11951138907"", ""tribunal"": ""TJSP"", ""protocolo"": ""1020453-81.2023.8.26.0005"", ""created_by"": ""d269f309-a461-4f01-b894-d3a7b54a4b7c"", ""djen_count"": 0, ""escritorio"": ""MEDIARI"", ""observacao"": ""CUMPRIMENTO DE SENTENÇA/ A CLIENTE INFORMOU QUE RECEBEU R$1.800,00, ESTAMOS AGUARDANDO O COMPROVANTE. - 17/08/2026 CLIENTE ENVIOU O COMPROVANTE"", ""auditado_em"": ""2026-08-17"", ""evento_tipo"": ""transito_ou_baixa"", ""atendido_por"": ""af1b75ea-cb64-4ebc-b4ad-ce1ce1fc01c5"", ""auditado_por"": ""af1b75ea-cb64-4ebc-b4ad-ce1ce1fc01c5"", ""datajud_hash"": ""MjAyNC0xMi0wOVQxODoxMzo1MC4wMDBa"", ""diasFaltando"": null, ""estado_civil"": ""SOLTEIRA"", ""evento_fonte"": null, ""linkConsulta"": ""https://www.google.com/search?q=consulta+processo+TJSP+1020453-81.2023.8.26.0005"", ""proximoPrazo"": """", ""statusManual"": ""Encerrado"", ""evento_resumo"": ""Baixa definitiva registrada em 09/12/2024."", ""nacionalidade"": ""BRASILEIRA"", ""ultimoRetorno"": ""2026-09-01"", ""djen_ultima_data"": null, ""djen_ultimo_link"": ""https://comunica.pje.jus.br/#/consulta?numeroProcesso=1020453-81.2023.8.26.0005"", ""djen_consultado_em"": ""2026-09-01T18:45:09.483Z"", ""djen_ultimo_resumo"": null, ""tem_novo_andamento"": false, ""datajud_ultimo_nome"": ""Expedição de documento"", ""datajud_consultado_em"": ""2026-09-01T18:45:09.483+00:00"", ""djen_nova_comunicacao"": false, ""busca_apreensao_motivo"": null, ""em_cumprimento_sentenca"": false, ""indicio_busca_apreensao"": false, ""datajud_encerrado_motivo"": ""BAIXA DEFINITIVA"", ""datajud_ultimo_movimento"": ""2024-12-09T18:13:50+00:00"", ""busca_apreensao_confianca"": null, ""datajud_encerrado_tribunal"": true, ""cumprimento_sentenca_motivo"": null, ""tem_atualizacao_pos_retorno"": false, ""busca_apreensao_consultado_em"": ""2026-08-03T04:07:50.738+00:00"", ""cumprimento_sentenca_consultado_em"": ""2026-09-01T18:45:09.483+00:00""}",d37fd4bb-1c71-4dca-b97e-292355918d39,d269f309-a461-4f01-b894-d3a7b54a4b7c,2026-09-01,,"CUMPRIMENTO DE SENTENÇA/ A CLIENTE INFORMOU QUE RECEBEU R$1.800,00, ESTAMOS AGUARDANDO O COMPROVANTE. - 17/08/2026 CLIENTE ENVIOU O COMPROVANTE",Encerrado,Normal,ENCERRADO,,MEDIARI,DIEGO,,,11951138907,1020453-81.2023.8.26.0005,TJSP,,2024-12-09 18:13:50+00,Expedição de documento,2026-09-01 18:45:09.483+00,false,true,BAIXA DEFINITIVA,false,,,2026-08-03 04:07:50.738+00,MjAyNC0xMi0wOVQxODoxMzo1MC4wMDBa,false,,2026-09-01 18:45:09.483+00,2026-09-01 18:45:09.483+00,false,,,https://comunica.pje.jus.br/#/consulta?numeroProcesso=1020453-81.2023.8.26.0005,0,90,true,true,,,,,,,,,BRASILEIRA,,,,,,af1b75ea-cb64-4ebc-b4ad-ce1ce1fc01c5,af1b75ea-cb64-4ebc-b4ad-ce1ce1fc01c5,false,,false,,{},,false,,false,,2026-09-01 19:43:42.777181+00
208117,2026-07-27 19:52:29.547373+00,"{""id"": ""208117"", ""risco"": ""Crítico"", ""status"": ""Vencido"", ""cliente"": ""BRUCE COLOMBI"", ""advogado"": ""ERALDO / MATHEUS"", ""situacao"": ""EM ANDAMENTO"", ""telefone"": """", ""tribunal"": ""TJSP"", ""protocolo"": ""1171313-66.2024.8.26.0100"", ""created_by"": ""e72a59fd-d85f-4b4d-bbe1-1966249a14cf"", ""djen_count"": 10, ""escritorio"": ""JVA / GM"", ""observacao"": ""VERIFICAR SE JÁ FOI CUMPRIDO OU SE FALTA CUMPRIMENTO"", ""auditado_em"": ""2026-08-24"", ""evento_tipo"": ""rotina"", ""atendido_por"": ""d730da06-030a-4921-bdb4-96b335a21d58"", ""auditado_por"": ""d730da06-030a-4921-bdb4-96b335a21d58"", ""datajud_hash"": ""MjAyNi0wNS0xMlQwMjowNzowOS4wMDBa"", ""diasFaltando"": -7, ""evento_fonte"": null, ""linkConsulta"": ""https://www.google.com/search?q=consulta+processo+TJSP+1171313-66.2024.8.26.0100"", ""proximoPrazo"": ""2026-08-25"", ""statusManual"": ""Automatico"", ""evento_resumo"": null, ""nacionalidade"": ""BRASILEIRA"", ""ultimoRetorno"": ""2026-08-24"", ""djen_ultima_data"": ""2026-05-07T00:00:00.000Z"", ""djen_ultimo_link"": ""https://eproc1g.tjsp.jus.br/eproc/externo_controlador.php?acao=consulta_publica_documento&numProcesso=11713136620248260100&idDocumento=611778048402257292012490246643&hash=2c4900d0c17f4545b76ccb0f92f7624860d8102a18fb87ebfe65433128c549b3"", ""djen_consultado_em"": ""2026-08-26T11:34:52.792Z"", ""djen_ultimo_resumo"": ""Intimação / ciência"", ""tem_novo_andamento"": false, ""datajud_ultimo_nome"": ""Decurso de Prazo"", ""datajud_consultado_em"": ""2026-08-26T11:34:52.791+00:00"", ""djen_nova_comunicacao"": false, ""busca_apreensao_motivo"": null, ""em_cumprimento_sentenca"": true, ""indicio_busca_apreensao"": false, ""datajud_encerrado_motivo"": null, ""datajud_ultimo_movimento"": ""2026-05-12T02:07:09+00:00"", ""busca_apreensao_confianca"": null, ""datajud_encerrado_tribunal"": false, ""cumprimento_sentenca_motivo"": ""Procedência em Parte"", ""tem_atualizacao_pos_retorno"": false, ""busca_apreensao_consultado_em"": ""2026-08-03T03:39:58.201+00:00"", ""cumprimento_sentenca_consultado_em"": ""2026-08-26T11:34:52.791+00:00""}",d37fd4bb-1c71-4dca-b97e-292355918d39,e72a59fd-d85f-4b4d-bbe1-1966249a14cf,2026-08-24,2026-08-25,VERIFICAR SE JÁ FOI CUMPRIDO OU SE FALTA CUMPRIMENTO,Vencido,Crítico,EM ANDAMENTO,,JVA / GM,ERALDO / MATHEUS,,,,1171313-66.2024.8.26.0100,TJSP,,2026-05-12 02:07:09+00,Decurso de Prazo,2026-08-26 11:34:52.791+00,false,false,,false,,,2026-08-03 03:39:58.201+00,MjAyNi0wNS0xMlQwMjowNzowOS4wMDBa,true,Procedência em Parte,2026-08-26 11:34:52.791+00,2026-08-26 11:34:52.792+00,false,2026-05-07T00:00:00.000Z,Intimação / ciência,https://eproc1g.tjsp.jus.br/eproc/externo_controlador.php?acao=consulta_publica_documento&numProcesso=11713136620248260100&idDocumento=611778048402257292012490246643&hash=2c4900d0c17f4545b76ccb0f92f7624860d8102a18fb87ebfe65433128c549b3,10,70,true,true,,,,,,,,,BRASILEIRA,,,,,,,d730da06-030a-4921-bdb4-96b335a21d58,false,,false,2026-08-26 11:34:53.072+00,{},,false,,false,,2026-09-01 19:43:42.112776+00
208118,2026-07-27 19:52:29.547373+00,"{""id"": ""208118"", ""risco"": ""Normal"", ""status"": ""Encerrado"", ""cliente"": ""BRUNA DA CRUZ"", ""advogado"": ""ERALDO / MATHEUS"", ""situacao"": ""ENCERRADO"", ""telefone"": """", ""tribunal"": ""TJMA"", ""protocolo"": ""0800491-78.2025.8.10.0022"", ""created_by"": ""4581d2fe-c358-45f9-a1bd-f90f93dce0fc"", ""djen_count"": 5, ""escritorio"": """", ""observacao"": ""IMPROCEDENTE VER SE VÃO APELAR"", ""auditado_em"": ""2026-08-25"", ""evento_tipo"": ""transito_ou_baixa"", ""atendido_por"": ""d730da06-030a-4921-bdb4-96b335a21d58"", ""auditado_por"": ""d730da06-030a-4921-bdb4-96b335a21d58"", ""datajud_hash"": ""MjAyNi0wNi0yM1QxNjo1NToyNC4wMDBa"", ""diasFaltando"": null, ""evento_fonte"": null, ""linkConsulta"": ""https://www.google.com/search?q=consulta+processo+TJMA+0800491-78.2025.8.10.0022"", ""proximoPrazo"": """", ""statusManual"": ""Encerrado"", ""evento_resumo"": ""Trânsito em julgado"", ""nacionalidade"": ""BRASILEIRA"", ""ultimoRetorno"": ""2026-09-01"", ""djen_ultima_data"": ""2026-08-03T00:00:00.000Z"", ""djen_ultimo_link"": ""https://pje.tjma.jus.br:443/pje/Processo/ConsultaDocumento/listView.seam?x=26073116442147300000173323548"", ""djen_consultado_em"": ""2026-09-01T18:45:17.413Z"", ""djen_ultimo_resumo"": ""Trânsito em julgado"", ""tem_novo_andamento"": false, ""datajud_ultimo_nome"": ""Publicação"", ""datajud_consultado_em"": ""2026-09-01T18:45:17.412+00:00"", ""djen_nova_comunicacao"": false, ""busca_apreensao_motivo"": null, ""em_cumprimento_sentenca"": false, ""indicio_busca_apreensao"": false, ""datajud_encerrado_motivo"": null, ""datajud_ultimo_movimento"": ""2026-08-04T05:16:04+00:00"", ""busca_apreensao_confianca"": null, ""datajud_encerrado_tribunal"": true, ""cumprimento_sentenca_motivo"": null, ""tem_atualizacao_pos_retorno"": false, ""busca_apreensao_consultado_em"": ""2026-08-03T03:59:24.149+00:00"", ""cumprimento_sentenca_consultado_em"": ""2026-09-01T18:45:17.412+00:00""}",d37fd4bb-1c71-4dca-b97e-292355918d39,4581d2fe-c358-45f9-a1bd-f90f93dce0fc,2026-09-01,,IMPROCEDENTE VER SE VÃO APELAR,Encerrado,Normal,ENCERRADO,,,ERALDO / MATHEUS,,,,0800491-78.2025.8.10.0022,TJMA,,2026-08-04 05:16:04+00,Publicação,2026-09-01 18:45:17.412+00,false,true,,false,,,2026-08-03 03:59:24.149+00,MjAyNi0wNi0yM1QxNjo1NToyNC4wMDBa,false,,2026-09-01 18:45:17.412+00,2026-09-01 18:45:17.413+00,false,2026-08-03T00:00:00.000Z,Trânsito em julgado,https://pje.tjma.jus.br:443/pje/Processo/ConsultaDocumento/listView.seam?x=26073116442147300000173323548,5,90,true,true,,,,,,,,,BRASILEIRA,,,,,,,,false,,false,2026-09-01 18:45:17.728+00,{},,false,,false,,2026-09-01 19:43:41.632538+00
208119,2026-07-27 19:52:29.547373+00,"{""id"": ""208119"", ""risco"": ""Normal"", ""status"": ""Encerrado"", ""cliente"": ""BRUNO DA CRUZ LINS"", ""advogado"": ""ERALDO / MATHEUS"", ""situacao"": ""ENCERRADO"", ""telefone"": """", ""tribunal"": ""TJSP"", ""protocolo"": ""1032231-08.2024.8.26.0007"", ""created_by"": ""d730da06-030a-4921-bdb4-96b335a21d58"", ""djen_count"": 5, ""escritorio"": ""JVA / GM"", ""observacao"": ""CUMPRIMENTO DE SENTENÇA"", ""auditado_em"": ""2026-08-19"", ""evento_tipo"": ""transito_ou_baixa"", ""atendido_por"": ""4581d2fe-c358-45f9-a1bd-f90f93dce0fc"", ""auditado_por"": ""e72a59fd-d85f-4b4d-bbe1-1966249a14cf"", ""datajud_hash"": ""MjAyNi0wNS0xNVQwMDo1NzozNC4wMDBa"", ""diasFaltando"": null, ""evento_fonte"": null, ""linkConsulta"": ""https://www.google.com/search?q=consulta+processo+TJSP+1032231-08.2024.8.26.0007"", ""proximoPrazo"": """", ""statusManual"": ""Encerrado"", ""evento_resumo"": null, ""nacionalidade"": ""BRASILEIRA"", ""ultimoRetorno"": ""2026-09-01"", ""djen_ultima_data"": ""2026-05-15T00:00:00.000Z"", ""djen_ultimo_link"": ""https://www.dje.tjsp.jus.br"", ""djen_consultado_em"": ""2026-09-01T18:45:26.075Z"", ""djen_ultimo_resumo"": ""Trânsito em julgado"", ""tem_novo_andamento"": false, ""datajud_ultimo_nome"": ""Publicação"", ""datajud_consultado_em"": ""2026-09-01T18:45:26.074+00:00"", ""djen_nova_comunicacao"": false, ""busca_apreensao_motivo"": null, ""em_cumprimento_sentenca"": true, ""indicio_busca_apreensao"": false, ""datajud_encerrado_motivo"": null, ""datajud_ultimo_movimento"": ""2026-05-15T00:57:34+00:00"", ""busca_apreensao_confianca"": null, ""datajud_encerrado_tribunal"": true, ""cumprimento_sentenca_motivo"": ""Procedência em Parte"", ""tem_atualizacao_pos_retorno"": false, ""busca_apreensao_consultado_em"": ""2026-08-03T04:12:52.842+00:00"", ""cumprimento_sentenca_consultado_em"": ""2026-09-01T18:45:26.074+00:00""}",d37fd4bb-1c71-4dca-b97e-292355918d39,d730da06-030a-4921-bdb4-96b335a21d58,2026-09-01,,CUMPRIMENTO DE SENTENÇA,Encerrado,Normal,ENCERRADO,,JVA / GM,ERALDO / MATHEUS,,,,1032231-08.2024.8.26.0007,TJSP,,2026-05-15 00:57:34+00,Publicação,2026-09-01 18:45:26.074+00,false,true,,false,,,2026-08-03 04:12:52.842+00,MjAyNi0wNS0xNVQwMDo1NzozNC4wMDBa,true,Procedência em Parte,2026-09-01 18:45:26.074+00,2026-09-01 18:45:26.075+00,false,2026-05-15T00:00:00.000Z,Trânsito em julgado,https://www.dje.tjsp.jus.br,5,90,true,true,,,,,,,,,BRASILEIRA,,,,,,,4581d2fe-c358-45f9-a1bd-f90f93dce0fc,true,Procedência em Parte,false,2026-09-01 18:45:26.431+00,{},,false,,false,,2026-09-01 19:43:41.632538+00
208120,2026-07-27 19:52:29.547373+00,"{""id"": ""208120"", ""risco"": ""Crítico"", ""status"": ""Vencido"", ""cliente"": ""BRUNO DE ARAUJO SANTANA"", ""advogado"": ""ANDRESSA"", ""situacao"": ""EM ANDAMENTO"", ""telefone"": """", ""tribunal"": ""TJSP"", ""protocolo"": ""4016651-28.2026.8.26.0002"", ""created_by"": ""d269f309-a461-4f01-b894-d3a7b54a4b7c"", ""djen_count"": 6, ""escritorio"": ""JVA / GM"", ""observacao"": ""CONCEDIDA JG/ CONCLUSO"", ""auditado_em"": null, ""evento_tipo"": ""sentenca_improcedente"", ""atendido_por"": ""d269f309-a461-4f01-b894-d3a7b54a4b7c"", ""auditado_por"": null, ""datajud_hash"": ""MjAyNi0wNy0wM1QwNjoxNjoyMC4wMDBa"", ""diasFaltando"": -14, ""evento_fonte"": ""djen"", ""linkConsulta"": ""https://www.google.com/search?q=consulta+processo+TJSP+4016651-28.2026.8.26.0002"", ""proximoPrazo"": ""2026-08-18"", ""statusManual"": ""Automatico"", ""evento_resumo"": ""Sentença improcedente"", ""nacionalidade"": ""BRASILEIRA"", ""ultimoRetorno"": ""2026-07-21"", ""djen_ultima_data"": ""2026-08-12T00:00:00.000Z"", ""djen_ultimo_link"": ""https://eproc1g.tjsp.jus.br/eproc/externo_controlador.php?acao=consulta_publica_documento&numProcesso=40166512820268260002&idDocumento=611786367795958055546923189516&hash=719124f76c19530d5e9999aabdf6f78d9f9d8bd7edb5c7827b9eafbece1c9302"", ""djen_consultado_em"": ""2026-08-26T11:18:03.500Z"", ""djen_ultimo_resumo"": ""Sentença improcedente"", ""tem_novo_andamento"": true, ""datajud_ultimo_nome"": ""Publicação"", ""datajud_consultado_em"": ""2026-08-26T11:18:03.499+00:00"", ""djen_nova_comunicacao"": true, ""busca_apreensao_motivo"": null, ""em_cumprimento_sentenca"": false, ""indicio_busca_apreensao"": false, ""datajud_encerrado_motivo"": null, ""datajud_ultimo_movimento"": ""2026-07-03T06:16:20+00:00"", ""busca_apreensao_confianca"": null, ""datajud_encerrado_tribunal"": false, ""cumprimento_sentenca_motivo"": null, ""tem_atualizacao_pos_retorno"": false, ""busca_apreensao_consultado_em"": ""2026-08-03T03:30:18.297+00:00"", ""cumprimento_sentenca_consultado_em"": ""2026-08-26T11:18:03.499+00:00""}",d37fd4bb-1c71-4dca-b97e-292355918d39,d269f309-a461-4f01-b894-d3a7b54a4b7c,2026-07-21,2026-08-18,CONCEDIDA JG/ CONCLUSO,Vencido,Crítico,EM ANDAMENTO,,JVA / GM,ANDRESSA,,,,4016651-28.2026.8.26.0002,TJSP,,2026-07-03 06:16:20+00,Publicação,2026-08-26 11:18:03.499+00,false,false,,false,,,2026-08-03 03:30:18.297+00,MjAyNi0wNy0wM1QwNjoxNjoyMC4wMDBa,false,,2026-08-26 11:18:03.499+00,2026-08-26 11:18:03.5+00,true,2026-08-12T00:00:00.000Z,Sentença improcedente,https://eproc1g.tjsp.jus.br/eproc/externo_controlador.php?acao=consulta_publica_documento&numProcesso=40166512820268260002&idDocumento=611786367795958055546923189516&hash=719124f76c19530d5e9999aabdf6f78d9f9d8bd7edb5c7827b9eafbece1c9302,6,80,true,true,,,,,,,,,BRASILEIRA,,,,,,,d269f309-a461-4f01-b894-d3a7b54a4b7c,false,,false,,{},,false,,false,,2026-09-01 19:43:41.853321+00
208121,2026-07-27 19:52:29.547373+00,"{""id"": ""208121"", ""risco"": ""Normal"", ""status"": ""Encerrado"", ""cliente"": ""BRYAN HENRIQUE CAETANO ALVES HERREIRA"", ""advogado"": ""DIEGO"", ""situacao"": ""ENCERRADO"", ""telefone"": """", ""tribunal"": ""TJSP"", ""protocolo"": ""1007511-92.2023.8.26.0077"", ""created_by"": ""e72a59fd-d85f-4b4d-bbe1-1966249a14cf"", ""djen_count"": 0, ""escritorio"": ""MEDIARI"", ""observacao"": ""INSTAURAR CUMPRIM. DE SENTENÇA / AGUARDANDO A MANIFESTAÇÃO DA FINANCEIRA "", ""auditado_em"": null, ""evento_tipo"": ""transito_ou_baixa"", ""atendido_por"": ""af1b75ea-cb64-4ebc-b4ad-ce1ce1fc01c5"", ""auditado_por"": ""af1b75ea-cb64-4ebc-b4ad-ce1ce1fc01c5"", ""datajud_hash"": ""MjAyNC0wNC0xN1QxNDo1MDowOS4wMDBa"", ""diasFaltando"": null, ""evento_fonte"": null, ""linkConsulta"": ""https://www.google.com/search?q=consulta+processo+TJSP+1007511-92.2023.8.26.0077"", ""proximoPrazo"": """", ""statusManual"": ""Encerrado"", ""evento_resumo"": ""BAIXA DEFINITIVA"", ""nacionalidade"": ""BRASILEIRA"", ""ultimoRetorno"": ""2026-09-01"", ""djen_ultima_data"": null, ""djen_ultimo_link"": ""https://comunica.pje.jus.br/#/consulta?numeroProcesso=1007511-92.2023.8.26.0077"", ""djen_consultado_em"": ""2026-09-01T18:45:33.518Z"", ""djen_ultimo_resumo"": null, ""tem_novo_andamento"": false, ""datajud_ultimo_nome"": ""Expedição de documento"", ""datajud_consultado_em"": ""2026-09-01T18:45:33.518+00:00"", ""djen_nova_comunicacao"": false, ""busca_apreensao_motivo"": null, ""em_cumprimento_sentenca"": false, ""indicio_busca_apreensao"": false, ""datajud_encerrado_motivo"": ""BAIXA DEFINITIVA"", ""datajud_ultimo_movimento"": ""2024-04-17T14:50:09+00:00"", ""busca_apreensao_confianca"": null, ""datajud_encerrado_tribunal"": true, ""cumprimento_sentenca_motivo"": null, ""tem_atualizacao_pos_retorno"": false, ""busca_apreensao_consultado_em"": ""2026-08-03T11:49:31.846+00:00"", ""cumprimento_sentenca_consultado_em"": ""2026-09-01T18:45:33.518+00:00""}",d37fd4bb-1c71-4dca-b97e-292355918d39,e72a59fd-d85f-4b4d-bbe1-1966249a14cf,2026-09-01,,"INSTAURAR CUMPRIM. DE SENTENÇA / AGUARDANDO A MANIFESTAÇÃO DA FINANCEIRA ",Encerrado,Normal,ENCERRADO,,MEDIARI,DIEGO,,,,1007511-92.2023.8.26.0077,TJSP,,2024-04-17 14:50:09+00,Expedição de documento,2026-09-01 18:45:33.518+00,false,true,BAIXA DEFINITIVA,false,,,2026-08-03 11:49:31.846+00,MjAyNC0wNC0xN1QxNDo1MDowOS4wMDBa,false,,2026-09-01 18:45:33.518+00,2026-09-01 18:45:33.518+00,false,,,https://comunica.pje.jus.br/#/consulta?numeroProcesso=1007511-92.2023.8.26.0077,0,90,true,true,,,,,,,,,BRASILEIRA,,,,,,af1b75ea-cb64-4ebc-b4ad-ce1ce1fc01c5,af1b75ea-cb64-4ebc-b4ad-ce1ce1fc01c5,false,,false,,{},,false,,false,,2026-09-01 19:43:41.632538+00
208122,2026-07-27 19:52:29.547373+00,"{""id"": ""208122"", ""risco"": ""Normal"", ""status"": ""Encerrado"", ""cliente"": ""CAMILA BAUSCHERT DE FARIA"", ""advogado"": ""ERALDO / MATHEUS"", ""situacao"": ""ENCERRADO"", ""telefone"": """", ""tribunal"": ""TJSP"", ""protocolo"": ""1003927-71.2024.8.26.0565"", ""created_by"": ""4581d2fe-c358-45f9-a1bd-f90f93dce0fc"", ""djen_count"": 5, ""escritorio"": ""JVA / GM"", ""observacao"": ""TIRANDO DÚVIDA"", ""auditado_em"": null, ""evento_tipo"": ""transito_ou_baixa"", ""atendido_por"": null, ""auditado_por"": null, ""datajud_hash"": ""MjAyNi0wNS0yNlQxNDowNTo0OS4wMDBa"", ""diasFaltando"": null, ""evento_fonte"": null, ""linkConsulta"": ""https://www.google.com/search?q=consulta+processo+TJSP+1003927-71.2024.8.26.0565"", ""proximoPrazo"": """", ""statusManual"": ""Encerrado"", ""evento_resumo"": ""Trânsito em julgado"", ""nacionalidade"": ""BRASILEIRA"", ""ultimoRetorno"": ""2026-09-01"", ""djen_ultima_data"": ""2026-08-07T00:00:00.000Z"", ""djen_ultimo_link"": ""https://www.dje.tjsp.jus.br"", ""djen_consultado_em"": ""2026-09-01T18:45:40.866Z"", ""djen_ultimo_resumo"": ""Trânsito em julgado"", ""tem_novo_andamento"": false, ""datajud_ultimo_nome"": ""Publicação"", ""datajud_consultado_em"": ""2026-09-01T18:45:40.866+00:00"", ""djen_nova_comunicacao"": false, ""busca_apreensao_motivo"": null, ""em_cumprimento_sentenca"": true, ""indicio_busca_apreensao"": false, ""datajud_encerrado_motivo"": null, ""datajud_ultimo_movimento"": ""2026-05-26T14:05:49+00:00"", ""busca_apreensao_confianca"": null, ""datajud_encerrado_tribunal"": true, ""cumprimento_sentenca_motivo"": ""Procedência em Parte"", ""tem_atualizacao_pos_retorno"": false, ""busca_apreensao_consultado_em"": ""2026-08-03T03:48:58.372+00:00"", ""cumprimento_sentenca_consultado_em"": ""2026-09-01T18:45:40.866+00:00""}",d37fd4bb-1c71-4dca-b97e-292355918d39,4581d2fe-c358-45f9-a1bd-f90f93dce0fc,2026-09-01,,TIRANDO DÚVIDA,Encerrado,Normal,ENCERRADO,,JVA / GM,ERALDO / MATHEUS,,,,1003927-71.2024.8.26.0565,TJSP,,2026-05-26 14:05:49+00,Publicação,2026-09-01 18:45:40.866+00,false,true,,false,,,2026-08-03 03:48:58.372+00,MjAyNi0wNS0yNlQxNDowNTo0OS4wMDBa,true,Procedência em Parte,2026-09-01 18:45:40.866+00,2026-09-01 18:45:40.866+00,false,2026-08-07T00:00:00.000Z,Trânsito em julgado,https://www.dje.tjsp.jus.br,5,90,true,true,,,,,,,,,BRASILEIRA,,,,,,,,true,Procedência em Parte,false,2026-09-01 18:45:41.195+00,{},,false,,false,,2026-09-01 19:43:41.853321+00
208123,2026-07-27 19:52:29.547373+00,"{""id"": ""208123"", ""risco"": ""Normal"", ""status"": ""Encerrado"", ""cliente"": ""CAMILA BUENO PEREIRA"", ""advogado"": ""ERALDO / MATHEUS"", ""situacao"": ""ENCERRADO"", ""telefone"": """", ""tribunal"": ""TJSP"", ""protocolo"": ""1005530-76.2024.8.26.0082"", ""created_by"": ""d730da06-030a-4921-bdb4-96b335a21d58"", ""djen_count"": 1, ""escritorio"": ""JVA / GM"", ""observacao"": ""IMPROCEDENTE"", ""auditado_em"": ""2026-08-27"", ""evento_tipo"": ""transito_ou_baixa"", ""atendido_por"": ""e72a59fd-d85f-4b4d-bbe1-1966249a14cf"", ""auditado_por"": ""af1b75ea-cb64-4ebc-b4ad-ce1ce1fc01c5"", ""datajud_hash"": ""MjAyNi0wMS0yNFQwMzoyMjo1NS4wMDBa"", ""diasFaltando"": null, ""evento_fonte"": null, ""linkConsulta"": ""https://www.google.com/search?q=consulta+processo+TJSP+1005530-76.2024.8.26.0082"", ""proximoPrazo"": """", ""statusManual"": ""Encerrado"", ""evento_resumo"": ""Extinção / cancelamento da distribuição"", ""nacionalidade"": ""BRASILEIRA"", ""ultimoRetorno"": ""2026-09-01"", ""djen_ultima_data"": ""2026-07-20T00:00:00.000Z"", ""djen_ultimo_link"": ""https://www.dje.tjsp.jus.br"", ""djen_consultado_em"": ""2026-09-01T18:45:48.164Z"", ""djen_ultimo_resumo"": ""Extinção / cancelamento da distribuição"", ""tem_novo_andamento"": false, ""datajud_ultimo_nome"": ""Ato ordinatório"", ""datajud_consultado_em"": ""2026-09-01T18:45:48.164+00:00"", ""djen_nova_comunicacao"": false, ""busca_apreensao_motivo"": null, ""em_cumprimento_sentenca"": false, ""indicio_busca_apreensao"": false, ""datajud_encerrado_motivo"": null, ""datajud_ultimo_movimento"": ""2026-01-24T03:22:55+00:00"", ""busca_apreensao_confianca"": null, ""datajud_encerrado_tribunal"": true, ""cumprimento_sentenca_motivo"": ""Planilha CASOS DE CS · W1 CONTROL"", ""tem_atualizacao_pos_retorno"": false, ""busca_apreensao_consultado_em"": ""2026-08-03T03:57:54.41+00:00"", ""cumprimento_sentenca_consultado_em"": ""2026-09-01T18:45:48.164+00:00""}",d37fd4bb-1c71-4dca-b97e-292355918d39,d730da06-030a-4921-bdb4-96b335a21d58,2026-09-01,,IMPROCEDENTE,Encerrado,Normal,ENCERRADO,,JVA / GM,ERALDO / MATHEUS,,,,1005530-76.2024.8.26.0082,TJSP,,2026-01-24 03:22:55+00,Ato ordinatório,2026-09-01 18:45:48.164+00,false,true,,false,,,2026-08-03 03:57:54.41+00,MjAyNi0wMS0yNFQwMzoyMjo1NS4wMDBa,false,Planilha CASOS DE CS · W1 CONTROL,2026-09-01 18:45:48.164+00,2026-09-01 18:45:48.164+00,false,2026-07-20T00:00:00.000Z,Extinção / cancelamento da distribuição,https://www.dje.tjsp.jus.br,1,90,true,true,,,,,,,,,BRASILEIRA,,,,,,af1b75ea-cb64-4ebc-b4ad-ce1ce1fc01c5,e72a59fd-d85f-4b4d-bbe1-1966249a14cf,false,,false,,{},,false,,false,,2026-09-01 19:43:41.386398+00
208124,2026-07-27 19:52:29.547373+00,"{""id"": ""208124"", ""risco"": ""Normal"", ""status"": ""No Prazo"", ""cliente"": ""CARLA TAYNA MATOS DA SILVA ZANETTE"", ""advogado"": ""ANDRESSA"", ""situacao"": ""EM ANDAMENTO"", ""telefone"": """", ""tribunal"": ""TJSP"", ""protocolo"": ""4018250-02.2026.8.26.0002"", ""created_by"": ""d269f309-a461-4f01-b894-d3a7b54a4b7c"", ""djen_count"": 4, ""escritorio"": """", ""observacao"": ""Conclusos para julgamento"", ""auditado_em"": ""2026-08-26"", ""evento_tipo"": ""rotina"", ""atendido_por"": ""d730da06-030a-4921-bdb4-96b335a21d58"", ""auditado_por"": ""d730da06-030a-4921-bdb4-96b335a21d58"", ""datajud_hash"": ""MjAyNi0wNS0zMFQwMTozNzozMy4wMDBa"", ""diasFaltando"": 13, ""evento_fonte"": null, ""linkConsulta"": ""https://www.google.com/search?q=consulta+processo+TJSP+4018250-02.2026.8.26.0002"", ""proximoPrazo"": ""2026-09-14"", ""statusManual"": ""Automatico"", ""evento_resumo"": null, ""nacionalidade"": ""BRASILEIRA"", ""ultimoRetorno"": ""2026-08-26"", ""djen_ultima_data"": ""2026-05-07T00:00:00.000Z"", ""djen_ultimo_link"": ""https://eproc1g.tjsp.jus.br/eproc/externo_controlador.php?acao=consulta_publica_documento&numProcesso=40182500220268260002&idDocumento=611778084674523287806116163139&hash=097ed99e80c5491cb3902bc5af6dd4c0bc71a47de50ca263c616ef6bdd9e5652"", ""djen_consultado_em"": ""2026-08-17T14:52:09.220Z"", ""djen_ultimo_resumo"": ""Procedimento Comum Cível Nº 4018250-02.2026.8.26.0002/SP Assunto: Cláusulas Abusivas (Direito Bancário) AUTOR : CARLA TA…"", ""tem_novo_andamento"": false, ""datajud_ultimo_nome"": ""Decurso de Prazo"", ""datajud_consultado_em"": ""2026-08-17T14:52:09.22+00:00"", ""djen_nova_comunicacao"": false, ""busca_apreensao_motivo"": null, ""em_cumprimento_sentenca"": false, ""indicio_busca_apreensao"": false, ""datajud_encerrado_motivo"": null, ""datajud_ultimo_movimento"": ""2026-05-30T01:37:33+00:00"", ""busca_apreensao_confianca"": null, ""datajud_encerrado_tribunal"": false, ""cumprimento_sentenca_motivo"": null, ""tem_atualizacao_pos_retorno"": false, ""busca_apreensao_consultado_em"": ""2026-08-03T03:38:45.644+00:00"", ""cumprimento_sentenca_consultado_em"": ""2026-08-17T14:52:09.22+00:00""}",d37fd4bb-1c71-4dca-b97e-292355918d39,d269f309-a461-4f01-b894-d3a7b54a4b7c,2026-08-26,2026-09-14,Conclusos para julgamento,No Prazo,Normal,EM ANDAMENTO,,,ANDRESSA,,,,4018250-02.2026.8.26.0002,TJSP,,2026-05-30 01:37:33+00,Decurso de Prazo,2026-08-17 14:52:09.22+00,false,false,,false,,,2026-08-03 03:38:45.644+00,MjAyNi0wNS0zMFQwMTozNzozMy4wMDBa,false,,2026-08-17 14:52:09.22+00,2026-08-17 14:52:09.22+00,false,2026-05-07T00:00:00.000Z,Procedimento Comum Cível Nº 4018250-02.2026.8.26.0002/SP Assunto: Cláusulas Abusivas (Direito Bancário) AUTOR : CARLA TA…,https://eproc1g.tjsp.jus.br/eproc/externo_controlador.php?acao=consulta_publica_documento&numProcesso=40182500220268260002&idDocumento=611778084674523287806116163139&hash=097ed99e80c5491cb3902bc5af6dd4c0bc71a47de50ca263c616ef6bdd9e5652,4,40,true,true,,,,,,,,,BRASILEIRA,,,,,,,d730da06-030a-4921-bdb4-96b335a21d58,false,,false,,{},,false,,false,,2026-09-01 19:43:42.777181+00
208125,2026-07-27 19:52:29.547373+00,"{""id"": ""208125"", ""risco"": ""Normal"", ""status"": ""No Prazo"", ""cliente"": ""CARLOS BATISTA DA SILVA"", ""advogado"": ""GILBERTO"", ""situacao"": ""EM ANDAMENTO"", ""telefone"": """", ""tribunal"": ""TJMT"", ""protocolo"": ""1011682-69.2025.8.11.0003"", ""created_by"": ""e72a59fd-d85f-4b4d-bbe1-1966249a14cf"", ""djen_count"": 5, ""escritorio"": ""JVA / GM"", ""observacao"": ""Pedido de desistência homologado pelo juiz. -O cliente está solicitando a devolução do depósito judicial."", ""auditado_em"": ""2026-09-01"", ""evento_tipo"": ""transito_ou_baixa"", ""atendido_por"": ""4581d2fe-c358-45f9-a1bd-f90f93dce0fc"", ""auditado_por"": ""af1b75ea-cb64-4ebc-b4ad-ce1ce1fc01c5"", ""datajud_hash"": ""EMPTY"", ""diasFaltando"": 14, ""evento_fonte"": ""djen"", ""linkConsulta"": ""https://www.google.com/search?q=consulta+processo+TJMT+1011682-69.2025.8.11.0003"", ""proximoPrazo"": ""2026-09-15"", ""statusManual"": ""Automatico"", ""evento_resumo"": ""Extinção / cancelamento da distribuição"", ""nacionalidade"": ""BRASILEIRA"", ""ultimoRetorno"": ""2026-09-01"", ""djen_ultima_data"": ""2026-08-26T00:00:00.000Z"", ""djen_ultimo_link"": ""https://pje.tjmt.jus.br/pje/Processo/ConsultaDocumento/listView.seam?x=26082514385611500000228563092"", ""djen_consultado_em"": ""2026-08-26T11:44:26.955Z"", ""djen_ultimo_resumo"": ""Extinção / cancelamento da distribuição"", ""tem_novo_andamento"": false, ""datajud_ultimo_nome"": ""Publicação"", ""datajud_consultado_em"": ""2026-08-26T11:44:26.954+00:00"", ""djen_nova_comunicacao"": false, ""busca_apreensao_motivo"": null, ""em_cumprimento_sentenca"": false, ""indicio_busca_apreensao"": false, ""datajud_encerrado_motivo"": null, ""datajud_ultimo_movimento"": ""2026-07-17T04:32:53+00:00"", ""busca_apreensao_confianca"": null, ""datajud_encerrado_tribunal"": false, ""cumprimento_sentenca_motivo"": null, ""tem_atualizacao_pos_retorno"": false, ""busca_apreensao_consultado_em"": ""2026-08-03T03:47:34.845+00:00"", ""cumprimento_sentenca_consultado_em"": ""2026-08-26T11:44:26.954+00:00""}",d37fd4bb-1c71-4dca-b97e-292355918d39,e72a59fd-d85f-4b4d-bbe1-1966249a14cf,2026-09-01,2026-09-15,Pedido de desistência homologado pelo juiz. -O cliente está solicitando a devolução do depósito judicial.,No Prazo,Normal,EM ANDAMENTO,,JVA / GM,GILBERTO,,,,1011682-69.2025.8.11.0003,TJMT,,2026-07-17 04:32:53+00,Publicação,2026-08-26 11:44:26.954+00,false,false,,false,,,2026-08-03 03:47:34.845+00,EMPTY,false,,2026-08-26 11:44:26.954+00,2026-08-26 11:44:26.955+00,false,2026-08-26T00:00:00.000Z,Extinção / cancelamento da distribuição,https://pje.tjmt.jus.br/pje/Processo/ConsultaDocumento/listView.seam?x=26082514385611500000228563092,5,80,true,true,,,,,,,,,BRASILEIRA,,,,,,af1b75ea-cb64-4ebc-b4ad-ce1ce1fc01c5,4581d2fe-c358-45f9-a1bd-f90f93dce0fc,false,,false,,{},,false,,false,,2026-09-01 19:43:41.632538+00
208126,2026-07-27 19:52:29.547373+00,"{""id"": ""208126"", ""risco"": ""Crítico"", ""status"": ""Vencido"", ""cliente"": ""CARLOS ELISIARIO XAVIER JUNIOR"", ""advogado"": ""ERALDO"", ""situacao"": ""EM ANDAMENTO"", ""telefone"": """", ""tribunal"": ""TJRN"", ""protocolo"": ""0811802-98.2024.8.20.5106"", ""created_by"": ""4581d2fe-c358-45f9-a1bd-f90f93dce0fc"", ""djen_count"": 4, ""escritorio"": ""JVA / GM"", ""observacao"": ""PARCIALMENTE PROCEDENTE / REMETIDO AO TRIBUNAL\nAGUARDANDO JULGAMENTO "", ""auditado_em"": null, ""evento_tipo"": ""sentenca_improcedente"", ""atendido_por"": null, ""auditado_por"": null, ""datajud_hash"": ""MjAyNi0wNS0xM1QxMDoxODoyMC4wMDBa"", ""diasFaltando"": -20, ""evento_fonte"": ""djen"", ""linkConsulta"": ""https://www.google.com/search?q=consulta+processo+TJRN+0811802-98.2024.8.20.5106"", ""proximoPrazo"": ""2026-08-12"", ""statusManual"": ""Automatico"", ""evento_resumo"": ""Sentença improcedente"", ""nacionalidade"": ""BRASILEIRA"", ""ultimoRetorno"": ""2026-07-29"", ""djen_ultima_data"": ""2026-08-18T00:00:00.000Z"", ""djen_ultimo_link"": ""https://pje2g.tjrn.jus.br:443/pje/Processo/ConsultaDocumento/listView.seam?x=26081620242117700000039269766"", ""djen_consultado_em"": ""2026-08-26T15:19:46.492Z"", ""djen_ultimo_resumo"": ""Sentença improcedente"", ""tem_novo_andamento"": true, ""datajud_ultimo_nome"": ""Conclusão"", ""datajud_consultado_em"": ""2026-08-26T15:20:18.531+00:00"", ""djen_nova_comunicacao"": true, ""busca_apreensao_motivo"": null, ""em_cumprimento_sentenca"": true, ""indicio_busca_apreensao"": false, ""datajud_encerrado_motivo"": null, ""datajud_ultimo_movimento"": ""2026-05-13T10:18:20+00:00"", ""busca_apreensao_confianca"": null, ""datajud_encerrado_tribunal"": false, ""cumprimento_sentenca_motivo"": null, ""tem_atualizacao_pos_retorno"": false, ""busca_apreensao_consultado_em"": ""2026-08-03T03:56:22.997+00:00"", ""cumprimento_sentenca_consultado_em"": ""2026-08-26T15:20:18.531+00:00""}",d37fd4bb-1c71-4dca-b97e-292355918d39,4581d2fe-c358-45f9-a1bd-f90f93dce0fc,2026-07-29,2026-08-12,"PARCIALMENTE PROCEDENTE / REMETIDO AO TRIBUNAL
AGUARDANDO JULGAMENTO ",Vencido,Crítico,EM ANDAMENTO,,JVA / GM,ERALDO,,,,0811802-98.2024.8.20.5106,TJRN,,2026-05-13 10:18:20+00,Conclusão,2026-08-26 15:20:18.531+00,false,false,,false,,,2026-08-03 03:56:22.997+00,MjAyNi0wNS0xM1QxMDoxODoyMC4wMDBa,true,,2026-08-26 15:20:18.531+00,2026-08-26 15:20:18.533+00,true,2026-08-18T00:00:00.000Z,Sentença improcedente,https://pje2g.tjrn.jus.br:443/pje/Processo/ConsultaDocumento/listView.seam?x=26081620242117700000039269766,4,80,true,true,,,,,,,,,BRASILEIRA,,,,,,,,false,,false,2026-08-26 15:19:46.775+00,{},,false,,false,,2026-09-01 19:43:42.579127+00
208127,2026-07-27 19:52:29.547373+00,"{""id"": ""208127"", ""risco"": ""Crítico"", ""status"": ""Vencido"", ""cliente"": ""CARLOS HENRIQUE PEREIRA HORTA - SAFRA"", ""advogado"": ""GILBERTO / MAIKON"", ""situacao"": ""EM ANDAMENTO"", ""telefone"": """", ""tribunal"": ""Tjpa"", ""protocolo"": ""0801590-21.2025.8.14.0136"", ""created_by"": ""d730da06-030a-4921-bdb4-96b335a21d58"", ""djen_count"": 2, ""escritorio"": ""JVA / GM"", ""observacao"": ""CONCLUSOS PARA JULGAMENTO"", ""auditado_em"": null, ""evento_tipo"": ""rotina"", ""atendido_por"": ""e72a59fd-d85f-4b4d-bbe1-1966249a14cf"", ""auditado_por"": null, ""datajud_hash"": ""MjAyNS0wOS0yOVQwOTo1NToyNi4wMDBa"", ""diasFaltando"": -46, ""evento_fonte"": null, ""linkConsulta"": ""https://www.google.com/search?q=consulta+processo+Tjpa+0801590-21.2025.8.14.0136"", ""proximoPrazo"": ""2026-07-17"", ""statusManual"": ""Automatico"", ""evento_resumo"": null, ""nacionalidade"": ""BRASILEIRA"", ""ultimoRetorno"": ""2026-07-03"", ""djen_ultima_data"": ""2026-06-30T00:00:00.000Z"", ""djen_ultimo_link"": ""https://pje.tjpa.jus.br:443/pje-2g/Processo/ConsultaDocumento/listView.seam?x=26060920180499700000035732446"", ""djen_consultado_em"": ""2026-08-26T01:22:33.377Z"", ""djen_ultimo_resumo"": ""Justiça gratuita (AJG)"", ""tem_novo_andamento"": false, ""datajud_ultimo_nome"": ""Remessa"", ""datajud_consultado_em"": ""2026-08-26T01:22:33.377+00:00"", ""djen_nova_comunicacao"": false, ""busca_apreensao_motivo"": null, ""em_cumprimento_sentenca"": false, ""indicio_busca_apreensao"": false, ""datajud_encerrado_motivo"": null, ""datajud_ultimo_movimento"": ""2025-09-29T09:55:26+00:00"", ""busca_apreensao_confianca"": null, ""datajud_encerrado_tribunal"": false, ""cumprimento_sentenca_motivo"": null, ""tem_atualizacao_pos_retorno"": false, ""busca_apreensao_consultado_em"": ""2026-08-03T03:59:02.628+00:00"", ""cumprimento_sentenca_consultado_em"": ""2026-08-26T01:22:33.377+00:00""}",d37fd4bb-1c71-4dca-b97e-292355918d39,d730da06-030a-4921-bdb4-96b335a21d58,2026-07-03,2026-07-17,CONCLUSOS PARA JULGAMENTO,Vencido,Crítico,EM ANDAMENTO,,JVA / GM,GILBERTO / MAIKON,,,,0801590-21.2025.8.14.0136,Tjpa,,2025-09-29 09:55:26+00,Remessa,2026-08-26 01:22:33.377+00,false,false,,false,,,2026-08-03 03:59:02.628+00,MjAyNS0wOS0yOVQwOTo1NToyNi4wMDBa,false,,2026-08-26 01:22:33.377+00,2026-08-26 01:22:33.377+00,false,2026-06-30T00:00:00.000Z,Justiça gratuita (AJG),https://pje.tjpa.jus.br:443/pje-2g/Processo/ConsultaDocumento/listView.seam?x=26060920180499700000035732446,2,40,true,true,,,,,,,,,BRASILEIRA,,,,,,,e72a59fd-d85f-4b4d-bbe1-1966249a14cf,false,,false,2026-08-26 01:22:33.952+00,{},,false,,false,,2026-09-01 19:43:41.632538+00
208128,2026-07-27 19:52:29.547373+00,"{""id"": ""208128"", ""risco"": ""Crítico"", ""status"": ""Vencido"", ""cliente"": ""CARMO QUIRINO DA COSTA"", ""advogado"": ""ISAI / FÁBIO / ERALDO"", ""situacao"": ""EM ANDAMENTO"", ""telefone"": """", ""tribunal"": ""TJRJ"", ""protocolo"": ""0804114-97.2023.8.19.0046"", ""created_by"": ""d269f309-a461-4f01-b894-d3a7b54a4b7c"", ""djen_count"": 2, ""escritorio"": ""HUGS"", ""observacao"": ""AGUARDANDO A MANIFESTAÇÃO DO PERITO. "", ""auditado_em"": null, ""evento_tipo"": ""rotina"", ""atendido_por"": ""d730da06-030a-4921-bdb4-96b335a21d58"", ""auditado_por"": null, ""datajud_hash"": ""MjAyNi0wNy0xN1QwMzoyODoxNC4wMDBa"", ""diasFaltando"": -7, ""evento_fonte"": null, ""linkConsulta"": ""https://www.google.com/search?q=consulta+processo+TJRJ+0804114-97.2023.8.19.0046"", ""proximoPrazo"": ""2026-08-25"", ""statusManual"": ""Automatico"", ""evento_resumo"": null, ""nacionalidade"": ""BRASILEIRA"", ""ultimoRetorno"": ""2026-07-28"", ""djen_ultima_data"": ""2026-07-10T00:00:00.000Z"", ""djen_ultimo_link"": ""https://tjrj.pje.jus.br/1g/Processo/ConsultaDocumento/listView.seam?x=26070917165646600000277436119"", ""djen_consultado_em"": ""2026-08-26T11:32:51.991Z"", ""djen_ultimo_resumo"": ""Despacho / determinação"", ""tem_novo_andamento"": false, ""datajud_ultimo_nome"": ""Disponibilização no Diário da Justiça Eletrônico"", ""datajud_consultado_em"": ""2026-08-26T11:32:51.991+00:00"", ""djen_nova_comunicacao"": false, ""busca_apreensao_motivo"": null, ""em_cumprimento_sentenca"": false, ""indicio_busca_apreensao"": false, ""datajud_encerrado_motivo"": null, ""datajud_ultimo_movimento"": ""2026-07-17T03:28:14+00:00"", ""busca_apreensao_confianca"": null, ""datajud_encerrado_tribunal"": false, ""cumprimento_sentenca_motivo"": null, ""tem_atualizacao_pos_retorno"": false, ""busca_apreensao_consultado_em"": ""2026-08-03T03:57:02.569+00:00"", ""cumprimento_sentenca_consultado_em"": ""2026-08-26T11:32:51.991+00:00""}",d37fd4bb-1c71-4dca-b97e-292355918d39,d269f309-a461-4f01-b894-d3a7b54a4b7c,2026-07-28,2026-08-25,"AGUARDANDO A MANIFESTAÇÃO DO PERITO. ",Vencido,Crítico,EM ANDAMENTO,,HUGS,ISAI / FÁBIO / ERALDO,,,,0804114-97.2023.8.19.0046,TJRJ,,2026-07-17 03:28:14+00,Disponibilização no Diário da Justiça Eletrônico,2026-08-26 11:32:51.991+00,false,false,,false,,,2026-08-03 03:57:02.569+00,MjAyNi0wNy0xN1QwMzoyODoxNC4wMDBa,false,,2026-08-26 11:32:51.991+00,2026-08-26 11:32:51.991+00,false,2026-07-10T00:00:00.000Z,Despacho / determinação,https://tjrj.pje.jus.br/1g/Processo/ConsultaDocumento/listView.seam?x=26070917165646600000277436119,2,40,true,true,,,,,,,,,BRASILEIRA,,,,,,,d730da06-030a-4921-bdb4-96b335a21d58,false,,false,,{},,false,,false,,2026-09-01 19:43:41.386398+00
208129,2026-07-27 19:52:29.547373+00,"{""id"": ""208129"", ""risco"": ""Crítico"", ""status"": ""Vencido"", ""cliente"": ""CASSIANO ROLIM DA SILVA - EMPRÉSTIMO 1"", ""advogado"": ""ANDRESSA"", ""situacao"": ""EM ANDAMENTO"", ""telefone"": """", ""tribunal"": ""TJSP"", ""protocolo"": ""4005859-06.2026.8.26.0005"", ""created_by"": ""e72a59fd-d85f-4b4d-bbe1-1966249a14cf"", ""djen_count"": 5, ""escritorio"": """", ""observacao"": ""CONCLUSOS PARA DECISÃO / DESPACHO"", ""auditado_em"": null, ""evento_tipo"": ""rotina"", ""atendido_por"": ""4581d2fe-c358-45f9-a1bd-f90f93dce0fc"", ""auditado_por"": null, ""datajud_hash"": ""MjAyNi0wNi0xOVQwNzo0ODoyMi4wMDBa"", ""diasFaltando"": -21, ""evento_fonte"": null, ""linkConsulta"": ""https://www.google.com/search?q=consulta+processo+TJSP+4005859-06.2026.8.26.0005"", ""proximoPrazo"": ""2026-08-11"", ""statusManual"": ""Automatico"", ""evento_resumo"": null, ""nacionalidade"": ""BRASILEIRA"", ""ultimoRetorno"": ""2026-07-28"", ""djen_ultima_data"": ""2026-06-18T00:00:00.000Z"", ""djen_ultimo_link"": ""https://eproc1g.tjsp.jus.br/eproc/externo_controlador.php?acao=consulta_publica_documento&numProcesso=40058590620268260005&idDocumento=611781717452995175227185538426&hash=77fe2bd75ee59d725a653382c2884ccc516c43c34c33837c1413f7423f1ba535"", ""djen_consultado_em"": ""2026-08-26T01:55:00.478Z"", ""djen_ultimo_resumo"": ""Procedimento Comum Cível Nº 4005859-06.2026.8.26.0005/SP Assunto: Cláusulas Abusivas (Direito Bancário) AUTOR : CASSIANO…"", ""tem_novo_andamento"": false, ""datajud_ultimo_nome"": ""Publicação"", ""datajud_consultado_em"": ""2026-08-26T01:55:00.477+00:00"", ""djen_nova_comunicacao"": false, ""busca_apreensao_motivo"": null, ""em_cumprimento_sentenca"": false, ""indicio_busca_apreensao"": false, ""datajud_encerrado_motivo"": null, ""datajud_ultimo_movimento"": ""2026-06-19T07:48:22+00:00"", ""busca_apreensao_confianca"": null, ""datajud_encerrado_tribunal"": false, ""cumprimento_sentenca_motivo"": null, ""tem_atualizacao_pos_retorno"": false, ""busca_apreensao_consultado_em"": ""2026-08-03T03:40:09.672+00:00"", ""cumprimento_sentenca_consultado_em"": ""2026-08-26T01:55:00.477+00:00""}",d37fd4bb-1c71-4dca-b97e-292355918d39,e72a59fd-d85f-4b4d-bbe1-1966249a14cf,2026-07-28,2026-08-11,CONCLUSOS PARA DECISÃO / DESPACHO,Vencido,Crítico,EM ANDAMENTO,,,ANDRESSA,,,,4005859-06.2026.8.26.0005,TJSP,,2026-06-19 07:48:22+00,Publicação,2026-08-26 01:55:00.477+00,false,false,,false,,,2026-08-03 03:40:09.672+00,MjAyNi0wNi0xOVQwNzo0ODoyMi4wMDBa,false,,2026-08-26 01:55:00.477+00,2026-08-26 01:55:00.478+00,false,2026-06-18T00:00:00.000Z,Procedimento Comum Cível Nº 4005859-06.2026.8.26.0005/SP Assunto: Cláusulas Abusivas (Direito Bancário) AUTOR : CASSIANO…,https://eproc1g.tjsp.jus.br/eproc/externo_controlador.php?acao=consulta_publica_documento&numProcesso=40058590620268260005&idDocumento=611781717452995175227185538426&hash=77fe2bd75ee59d725a653382c2884ccc516c43c34c33837c1413f7423f1ba535,5,40,true,true,,,,,,,,,BRASILEIRA,,,,,,,4581d2fe-c358-45f9-a1bd-f90f93dce0fc,false,,false,,{},,false,,false,,2026-09-01 19:43:41.131877+00
208130,2026-07-27 19:52:29.547373+00,"{""id"": ""208130"", ""risco"": ""Normal"", ""status"": ""Encerrado"", ""cliente"": ""CATHIUSSE DAIANE DA LUZ BARRETO"", ""advogado"": ""MATHEUS"", ""situacao"": ""ENCERRADO"", ""telefone"": """", ""tribunal"": ""TJSP"", ""protocolo"": ""1055915-40.2025.8.26.0002"", ""created_by"": ""4581d2fe-c358-45f9-a1bd-f90f93dce0fc"", ""djen_count"": 12, ""escritorio"": ""JVA / GM"", ""observacao"": ""CUMPRIMENTO DE SENTENÇA INSTAURADO  / AGUARDANDO MANIFESTAÇÃO DA FINANCEIRA"", ""auditado_em"": null, ""evento_tipo"": ""transito_ou_baixa"", ""atendido_por"": null, ""auditado_por"": null, ""datajud_hash"": ""MjAyNi0wNS0wN1QwODozNzo0OS4wMDBa"", ""diasFaltando"": null, ""evento_fonte"": null, ""linkConsulta"": ""https://www.google.com/search?q=consulta+processo+TJSP+1055915-40.2025.8.26.0002"", ""proximoPrazo"": """", ""statusManual"": ""Encerrado"", ""evento_resumo"": ""BAIXA DEFINITIVA"", ""nacionalidade"": ""BRASILEIRA"", ""ultimoRetorno"": ""2026-09-01"", ""djen_ultima_data"": ""2026-07-23T00:00:00.000Z"", ""djen_ultimo_link"": ""https://www.dje.tjsp.jus.br"", ""djen_consultado_em"": ""2026-09-01T18:45:55.552Z"", ""djen_ultimo_resumo"": ""Custas / preparo"", ""tem_novo_andamento"": false, ""datajud_ultimo_nome"": ""Definitivo"", ""datajud_consultado_em"": ""2026-09-01T18:45:55.549+00:00"", ""djen_nova_comunicacao"": false, ""busca_apreensao_motivo"": null, ""em_cumprimento_sentenca"": true, ""indicio_busca_apreensao"": false, ""datajud_encerrado_motivo"": ""BAIXA DEFINITIVA"", ""datajud_ultimo_movimento"": ""2026-07-27T11:13:07+00:00"", ""busca_apreensao_confianca"": null, ""datajud_encerrado_tribunal"": true, ""cumprimento_sentenca_motivo"": ""CUMPRIMENTO DE SENTENÇA"", ""tem_atualizacao_pos_retorno"": false, ""busca_apreensao_consultado_em"": ""2026-08-03T11:51:20.033+00:00"", ""cumprimento_sentenca_consultado_em"": ""2026-09-01T18:45:55.549+00:00""}",d37fd4bb-1c71-4dca-b97e-292355918d39,4581d2fe-c358-45f9-a1bd-f90f93dce0fc,2026-09-01,,CUMPRIMENTO DE SENTENÇA INSTAURADO  / AGUARDANDO MANIFESTAÇÃO DA FINANCEIRA,Encerrado,Normal,ENCERRADO,,JVA / GM,MATHEUS,,,,1055915-40.2025.8.26.0002,TJSP,,2026-07-27 11:13:07+00,Definitivo,2026-09-01 18:45:55.549+00,false,true,BAIXA DEFINITIVA,false,,,2026-08-03 11:51:20.033+00,MjAyNi0wNS0wN1QwODozNzo0OS4wMDBa,true,CUMPRIMENTO DE SENTENÇA,2026-09-01 18:45:55.549+00,2026-09-01 18:45:55.552+00,false,2026-07-23T00:00:00.000Z,Custas / preparo,https://www.dje.tjsp.jus.br,12,90,true,true,,,,,,,,,BRASILEIRA,,,,,,,,false,,false,,{},,false,,false,,2026-09-01 19:43:41.853321+00
208131,2026-07-27 19:52:29.547373+00,"{""id"": ""208131"", ""risco"": ""Normal"", ""status"": ""Encerrado"", ""cliente"": ""CELIA APARECIDA BARBOSA"", ""advogado"": ""MAIKON / ANDRESSA"", ""situacao"": ""ENCERRADO"", ""telefone"": """", ""tribunal"": ""TJSP"", ""protocolo"": ""4000127-43.2026.8.26.0361"", ""created_by"": ""d730da06-030a-4921-bdb4-96b335a21d58"", ""djen_count"": 4, ""escritorio"": ""JVA / GM"", ""observacao"": ""CONCLUSOS"", ""auditado_em"": null, ""evento_tipo"": ""rotina"", ""atendido_por"": null, ""auditado_por"": null, ""datajud_hash"": null, ""diasFaltando"": null, ""evento_fonte"": null, ""linkConsulta"": ""https://www.google.com/search?q=consulta+processo+TJSP+4000127-43.2026.8.26.0361"", ""proximoPrazo"": """", ""statusManual"": ""Encerrado"", ""evento_resumo"": null, ""nacionalidade"": ""BRASILEIRA"", ""ultimoRetorno"": ""2026-09-01"", ""djen_ultima_data"": ""2026-05-27T00:00:00.000Z"", ""djen_ultimo_link"": ""https://eproc1g.tjsp.jus.br/eproc/externo_controlador.php?acao=consulta_publica_documento&numProcesso=40001274320268260361&idDocumento=611779728690097798221368001322&hash=c15ac4e556e407484a18e53ac35215942e97f5d8cf9663ccfcd93e4605df1c2d"", ""djen_consultado_em"": ""2026-08-26T19:02:03.199Z"", ""djen_ultimo_resumo"": ""Audiência de conciliação/mediação"", ""tem_novo_andamento"": false, ""datajud_ultimo_nome"": ""Documento"", ""datajud_consultado_em"": ""2026-08-26T19:02:03.198+00:00"", ""djen_nova_comunicacao"": false, ""busca_apreensao_motivo"": null, ""em_cumprimento_sentenca"": false, ""indicio_busca_apreensao"": false, ""datajud_encerrado_motivo"": null, ""datajud_ultimo_movimento"": ""2026-05-28T09:45:33+00:00"", ""busca_apreensao_confianca"": null, ""datajud_encerrado_tribunal"": false, ""cumprimento_sentenca_motivo"": null, ""tem_atualizacao_pos_retorno"": false, ""busca_apreensao_consultado_em"": null, ""cumprimento_sentenca_consultado_em"": ""2026-08-26T19:02:03.198+00:00""}",d37fd4bb-1c71-4dca-b97e-292355918d39,d730da06-030a-4921-bdb4-96b335a21d58,2026-09-01,,CONCLUSOS,Encerrado,Normal,ENCERRADO,,JVA / GM,MAIKON / ANDRESSA,,,,4000127-43.2026.8.26.0361,TJSP,,2026-05-28 09:45:33+00,Documento,2026-08-26 19:02:03.198+00,false,false,,false,,,,,false,,2026-08-26 19:02:03.198+00,2026-08-26 19:02:03.199+00,false,2026-05-27T00:00:00.000Z,Audiência de conciliação/mediação,https://eproc1g.tjsp.jus.br/eproc/externo_controlador.php?acao=consulta_publica_documento&numProcesso=40001274320268260361&idDocumento=611779728690097798221368001322&hash=c15ac4e556e407484a18e53ac35215942e97f5d8cf9663ccfcd93e4605df1c2d,4,40,,,,,,,,,,,BRASILEIRA,,,,,,,,false,,false,,{},,false,,false,,2026-09-01 19:43:42.339702+00
208132,2026-07-27 19:52:29.547373+00,"{""id"": ""208132"", ""risco"": ""Crítico"", ""status"": ""Vencido"", ""cliente"": ""CINTHIA PINHEIRO DA SILVA"", ""advogado"": ""ANDRESSA"", ""situacao"": ""EM ANDAMENTO"", ""telefone"": """", ""tribunal"": ""TJSP"", ""protocolo"": ""4008866-67.2026.8.26.0405"", ""created_by"": ""d269f309-a461-4f01-b894-d3a7b54a4b7c"", ""djen_count"": 5, ""escritorio"": ""JVA / GM"", ""observacao"": ""CONCEDIDA JG"", ""auditado_em"": null, ""evento_tipo"": ""sentenca_improcedente"", ""atendido_por"": ""d269f309-a461-4f01-b894-d3a7b54a4b7c"", ""auditado_por"": null, ""datajud_hash"": ""MjAyNi0wNi0zMFQwNTozMDoyMi4wMDBa"", ""diasFaltando"": -33, ""evento_fonte"": ""djen"", ""linkConsulta"": ""https://www.google.com/search?q=consulta+processo+TJSP+4008866-67.2026.8.26.0405"", ""proximoPrazo"": ""2026-07-30"", ""statusManual"": ""Automatico"", ""evento_resumo"": ""Sentença improcedente"", ""nacionalidade"": ""BRASILEIRA"", ""ultimoRetorno"": ""2026-07-15"", ""djen_ultima_data"": ""2026-08-24T00:00:00.000Z"", ""djen_ultimo_link"": ""https://eproc1g.tjsp.jus.br/eproc/externo_controlador.php?acao=consulta_publica_documento&numProcesso=40088666720268260405&idDocumento=611787333224787110225556178087&hash=d3d5a4f9488b27d571071b2300ecfaf1c8ce01be0a367967d2fd20cdd5d02e01"", ""djen_consultado_em"": ""2026-08-26T01:41:03.526Z"", ""djen_ultimo_resumo"": ""Sentença improcedente"", ""tem_novo_andamento"": true, ""datajud_ultimo_nome"": ""Publicação"", ""datajud_consultado_em"": ""2026-08-26T01:41:03.526+00:00"", ""djen_nova_comunicacao"": true, ""busca_apreensao_motivo"": null, ""em_cumprimento_sentenca"": false, ""indicio_busca_apreensao"": false, ""datajud_encerrado_motivo"": null, ""datajud_ultimo_movimento"": ""2026-06-30T05:30:22+00:00"", ""busca_apreensao_confianca"": null, ""datajud_encerrado_tribunal"": false, ""cumprimento_sentenca_motivo"": null, ""tem_atualizacao_pos_retorno"": false, ""busca_apreensao_consultado_em"": ""2026-08-03T03:54:26.573+00:00"", ""cumprimento_sentenca_consultado_em"": ""2026-08-26T01:41:03.526+00:00""}",d37fd4bb-1c71-4dca-b97e-292355918d39,d269f309-a461-4f01-b894-d3a7b54a4b7c,2026-07-15,2026-07-30,CONCEDIDA JG,Vencido,Crítico,EM ANDAMENTO,,JVA / GM,ANDRESSA,,,,4008866-67.2026.8.26.0405,TJSP,,2026-06-30 05:30:22+00,Publicação,2026-08-26 01:41:03.526+00,false,false,,false,,,2026-08-03 03:54:26.573+00,MjAyNi0wNi0zMFQwNTozMDoyMi4wMDBa,false,,2026-08-26 01:41:03.526+00,2026-08-26 01:41:03.526+00,true,2026-08-24T00:00:00.000Z,Sentença improcedente,https://eproc1g.tjsp.jus.br/eproc/externo_controlador.php?acao=consulta_publica_documento&numProcesso=40088666720268260405&idDocumento=611787333224787110225556178087&hash=d3d5a4f9488b27d571071b2300ecfaf1c8ce01be0a367967d2fd20cdd5d02e01,5,80,true,true,,,,,,,,,BRASILEIRA,,,,,,,d269f309-a461-4f01-b894-d3a7b54a4b7c,false,,false,,{},,false,,false,,2026-09-01 19:43:41.632538+00
208133,2026-07-27 19:52:29.547373+00,"{""id"": ""208133"", ""risco"": ""Crítico"", ""status"": ""Vencido"", ""cliente"": ""CINTIA DE SOUZA FERREIRA DA SILVA"", ""advogado"": ""ANDRESSA"", ""situacao"": ""EM ANDAMENTO"", ""telefone"": """", ""tribunal"": ""TJSP"", ""protocolo"": ""4007826-50.2026.8.26.0405"", ""created_by"": ""e72a59fd-d85f-4b4d-bbe1-1966249a14cf"", ""djen_count"": 3, ""escritorio"": ""JVA / GM"", ""observacao"": ""CONFIRMAÇÃO DE PAGAMENTO DA TAXA POSTAL / ANDAMENTO SISTEMICO "", ""auditado_em"": null, ""evento_tipo"": ""rotina"", ""atendido_por"": ""e72a59fd-d85f-4b4d-bbe1-1966249a14cf"", ""auditado_por"": null, ""datajud_hash"": ""MjAyNi0wNi0yNVQwMjo1NDozNi4wMDBa"", ""diasFaltando"": -20, ""evento_fonte"": null, ""linkConsulta"": ""https://www.google.com/search?q=consulta+processo+TJSP+4007826-50.2026.8.26.0405"", ""proximoPrazo"": ""2026-08-12"", ""statusManual"": ""Automatico"", ""evento_resumo"": ""Decurso de prazo sem manifestação relevante das partes"", ""nacionalidade"": ""BRASILEIRA"", ""ultimoRetorno"": ""2026-07-28"", ""djen_ultima_data"": ""2026-04-16T00:00:00.000Z"", ""djen_ultimo_link"": ""https://eproc1g.tjsp.jus.br/eproc/externo_controlador.php?acao=consulta_publica_documento&numProcesso=40078265020268260405&idDocumento=611776261338254521244503936869&hash=d1362bc05895fab4c5aaa5c616f14a9586e385a1bd54294ce1f38f0e4e15f5a7"", ""djen_consultado_em"": ""2026-08-26T01:59:44.552Z"", ""djen_ultimo_resumo"": ""Procedimento Comum Cível Nº 4007826-50.2026.8.26.0405/SP Assunto: Práticas Abusivas (Direito Civil) AUTOR : CINTIA DE SO…"", ""tem_novo_andamento"": false, ""datajud_ultimo_nome"": ""Decurso de Prazo"", ""datajud_consultado_em"": ""2026-08-26T01:59:44.552+00:00"", ""djen_nova_comunicacao"": false, ""busca_apreensao_motivo"": null, ""em_cumprimento_sentenca"": false, ""indicio_busca_apreensao"": false, ""datajud_encerrado_motivo"": null, ""datajud_ultimo_movimento"": ""2026-06-25T02:54:36+00:00"", ""busca_apreensao_confianca"": null, ""datajud_encerrado_tribunal"": false, ""cumprimento_sentenca_motivo"": null, ""tem_atualizacao_pos_retorno"": false, ""busca_apreensao_consultado_em"": ""2026-08-03T03:46:22.13+00:00"", ""cumprimento_sentenca_consultado_em"": ""2026-08-26T01:59:44.552+00:00""}",d37fd4bb-1c71-4dca-b97e-292355918d39,e72a59fd-d85f-4b4d-bbe1-1966249a14cf,2026-07-28,2026-08-12,"CONFIRMAÇÃO DE PAGAMENTO DA TAXA POSTAL / ANDAMENTO SISTEMICO ",Vencido,Crítico,EM ANDAMENTO,,JVA / GM,ANDRESSA,,,,4007826-50.2026.8.26.0405,TJSP,,2026-06-25 02:54:36+00,Decurso de Prazo,2026-08-26 01:59:44.552+00,false,false,,false,,,2026-08-03 03:46:22.13+00,MjAyNi0wNi0yNVQwMjo1NDozNi4wMDBa,false,,2026-08-26 01:59:44.552+00,2026-08-26 01:59:44.552+00,false,2026-04-16T00:00:00.000Z,Procedimento Comum Cível Nº 4007826-50.2026.8.26.0405/SP Assunto: Práticas Abusivas (Direito Civil) AUTOR : CINTIA DE SO…,https://eproc1g.tjsp.jus.br/eproc/externo_controlador.php?acao=consulta_publica_documento&numProcesso=40078265020268260405&idDocumento=611776261338254521244503936869&hash=d1362bc05895fab4c5aaa5c616f14a9586e385a1bd54294ce1f38f0e4e15f5a7,3,40,true,true,,,,,,,,,BRASILEIRA,,,,,,,e72a59fd-d85f-4b4d-bbe1-1966249a14cf,false,,false,,{},,false,,false,,2026-09-01 19:43:41.386398+00
208134,2026-07-27 19:52:29.547373+00,"{""id"": ""208134"", ""risco"": ""Normal"", ""status"": ""No Prazo"", ""cliente"": ""CLAUDIO BOTELHO PEREIRA - BRADESCO - 1"", ""advogado"": ""GEORDONE / LUCAS / RENATO"", ""situacao"": ""EM ANDAMENTO"", ""telefone"": """", ""tribunal"": ""TJRJ"", ""protocolo"": ""0806043-22.2023.8.19.0029"", ""created_by"": ""4581d2fe-c358-45f9-a1bd-f90f93dce0fc"", ""djen_count"": 1, ""escritorio"": ""MEDIARI"", ""observacao"": ""Informei para o cliente: Referente ao seu procedimento, ele se encontra na etapa de análise, em que o juiz está verificando as informações e documentações apresentadas por ambas as partes. No momento, estamos aguardando um posicionamento sobre como o processo terá prosseguimento."", ""auditado_em"": ""2026-08-28"", ""evento_tipo"": ""rotina"", ""atendido_por"": ""d730da06-030a-4921-bdb4-96b335a21d58"", ""auditado_por"": ""d730da06-030a-4921-bdb4-96b335a21d58"", ""datajud_hash"": ""MjAyNi0wNi0xMlQxODo0MDowOS4wMDBa"", ""diasFaltando"": 15, ""evento_fonte"": null, ""linkConsulta"": ""https://www.google.com/search?q=consulta+processo+TJRJ+0806043-22.2023.8.19.0029"", ""proximoPrazo"": ""2026-09-16"", ""statusManual"": ""Automatico"", ""evento_resumo"": null, ""nacionalidade"": ""BRASILEIRA"", ""ultimoRetorno"": ""2026-08-28"", ""djen_ultima_data"": ""2026-06-09T00:00:00.000Z"", ""djen_ultimo_link"": ""https://tjrj.pje.jus.br/1g/Processo/ConsultaDocumento/listView.seam?x=26060818133778000000271856053"", ""djen_consultado_em"": ""2026-08-26T11:42:23.457Z"", ""djen_ultimo_resumo"": ""Audiência de conciliação/mediação designada"", ""tem_novo_andamento"": false, ""datajud_ultimo_nome"": ""Petição"", ""datajud_consultado_em"": ""2026-08-26T11:42:23.457+00:00"", ""djen_nova_comunicacao"": false, ""busca_apreensao_motivo"": null, ""em_cumprimento_sentenca"": false, ""indicio_busca_apreensao"": false, ""datajud_encerrado_motivo"": null, ""datajud_ultimo_movimento"": ""2026-06-12T18:40:09+00:00"", ""busca_apreensao_confianca"": null, ""datajud_encerrado_tribunal"": false, ""cumprimento_sentenca_motivo"": null, ""tem_atualizacao_pos_retorno"": false, ""busca_apreensao_consultado_em"": ""2026-08-03T04:03:00.894+00:00"", ""cumprimento_sentenca_consultado_em"": ""2026-08-26T11:42:23.457+00:00""}",d37fd4bb-1c71-4dca-b97e-292355918d39,4581d2fe-c358-45f9-a1bd-f90f93dce0fc,2026-08-28,2026-09-16,"Informei para o cliente: Referente ao seu procedimento, ele se encontra na etapa de análise, em que o juiz está verificando as informações e documentações apresentadas por ambas as partes. No momento, estamos aguardando um posicionamento sobre como o processo terá prosseguimento.",No Prazo,Normal,EM ANDAMENTO,,MEDIARI,GEORDONE / LUCAS / RENATO,,,,0806043-22.2023.8.19.0029,TJRJ,,2026-06-12 18:40:09+00,Petição,2026-08-26 11:42:23.457+00,false,false,,false,,,2026-08-03 04:03:00.894+00,MjAyNi0wNi0xMlQxODo0MDowOS4wMDBa,false,,2026-08-26 11:42:23.457+00,2026-08-26 11:42:23.457+00,false,2026-06-09T00:00:00.000Z,Audiência de conciliação/mediação designada,https://tjrj.pje.jus.br/1g/Processo/ConsultaDocumento/listView.seam?x=26060818133778000000271856053,1,40,true,true,,,,,,,,,BRASILEIRA,,,,,,,d730da06-030a-4921-bdb4-96b335a21d58,false,,false,,{},,false,,false,,2026-09-01 19:43:41.386398+00
208135,2026-07-27 19:52:29.547373+00,"{""id"": ""208135"", ""risco"": ""Normal"", ""status"": ""Encerrado"", ""cliente"": ""CLAUDIO BOTELHO PEREIRA - BRADESCO - 2"", ""advogado"": ""LUCAS / RENATO"", ""situacao"": ""ENCERRADO"", ""telefone"": """", ""tribunal"": ""TJRJ"", ""protocolo"": ""0806211-24.2023.8.19.0029"", ""created_by"": ""d730da06-030a-4921-bdb4-96b335a21d58"", ""djen_count"": 1, ""escritorio"": ""MEDIARI"", ""observacao"": ""CLIENTE NÃO PAGOU AS CUSTAS"", ""auditado_em"": ""2026-08-28"", ""evento_tipo"": ""rotina"", ""atendido_por"": ""4581d2fe-c358-45f9-a1bd-f90f93dce0fc"", ""auditado_por"": ""d730da06-030a-4921-bdb4-96b335a21d58"", ""datajud_hash"": ""MjAyNi0wMS0zMFQwNDowOToxMS4wMDBa"", ""diasFaltando"": null, ""evento_fonte"": null, ""linkConsulta"": ""https://www.google.com/search?q=consulta+processo+TJRJ+0806211-24.2023.8.19.0029"", ""proximoPrazo"": """", ""statusManual"": ""Encerrado"", ""evento_resumo"": null, ""nacionalidade"": ""BRASILEIRA"", ""ultimoRetorno"": ""2026-09-01"", ""djen_ultima_data"": ""2026-01-21T00:00:00.000Z"", ""djen_ultimo_link"": ""https://tjrj.pje.jus.br/1g/Processo/ConsultaDocumento/listView.seam?x=25102715131740900000225949180"", ""djen_consultado_em"": ""2026-09-01T18:46:04.736Z"", ""djen_ultimo_resumo"": ""Despacho / determinação"", ""tem_novo_andamento"": false, ""datajud_ultimo_nome"": ""Decurso de Prazo"", ""datajud_consultado_em"": ""2026-09-01T18:46:04.735+00:00"", ""djen_nova_comunicacao"": false, ""busca_apreensao_motivo"": null, ""em_cumprimento_sentenca"": false, ""indicio_busca_apreensao"": false, ""datajud_encerrado_motivo"": null, ""datajud_ultimo_movimento"": ""2026-01-30T04:09:11+00:00"", ""busca_apreensao_confianca"": null, ""datajud_encerrado_tribunal"": true, ""cumprimento_sentenca_motivo"": null, ""tem_atualizacao_pos_retorno"": false, ""busca_apreensao_consultado_em"": ""2026-08-03T04:08:20.477+00:00"", ""cumprimento_sentenca_consultado_em"": ""2026-09-01T18:46:04.735+00:00""}",d37fd4bb-1c71-4dca-b97e-292355918d39,d730da06-030a-4921-bdb4-96b335a21d58,2026-09-01,,CLIENTE NÃO PAGOU AS CUSTAS,Encerrado,Normal,EM ANDAMENTO,,MEDIARI,LUCAS / RENATO,,,,0806211-24.2023.8.19.0029,TJRJ,,2026-01-30 04:09:11+00,Decurso de Prazo,2026-09-01 18:46:04.735+00,false,true,,false,,,2026-08-03 04:08:20.477+00,MjAyNi0wMS0zMFQwNDowOToxMS4wMDBa,false,,2026-09-01 18:46:04.735+00,2026-09-01 18:46:04.736+00,false,2026-01-21T00:00:00.000Z,Despacho / determinação,https://tjrj.pje.jus.br/1g/Processo/ConsultaDocumento/listView.seam?x=25102715131740900000225949180,1,90,true,true,,,,,,,,,BRASILEIRA,,,,,,,4581d2fe-c358-45f9-a1bd-f90f93dce0fc,false,,false,,{},,false,,false,,2026-09-01 19:43:42.112776+00
208136,2026-07-27 19:52:29.547373+00,"{""id"": ""208136"", ""risco"": ""Normal"", ""status"": ""Encerrado"", ""cliente"": ""CLAUDIO BOTELHO PEREIRA - CONTRATO 5"", ""advogado"": ""GEORDONE / LUCAS / RENATO"", ""situacao"": ""ENCERRADO"", ""telefone"": """", ""tribunal"": ""TJRJ"", ""protocolo"": ""0806210-39.2023.8.19.0029"", ""created_by"": ""d269f309-a461-4f01-b894-d3a7b54a4b7c"", ""djen_count"": 1, ""escritorio"": ""MEDIARI"", ""observacao"": ""CARTA DE DESISTÊNCIA\nInformei para o cliente: Processo extinto, o senhor foi intimado ao pagamento de custas e não pagou."", ""auditado_em"": ""2026-08-28"", ""evento_tipo"": ""rotina"", ""atendido_por"": ""d269f309-a461-4f01-b894-d3a7b54a4b7c"", ""auditado_por"": ""d730da06-030a-4921-bdb4-96b335a21d58"", ""datajud_hash"": ""MjAyNi0wNi0wM1QwNDoyMjo0NC4wMDBa"", ""diasFaltando"": null, ""evento_fonte"": null, ""linkConsulta"": ""https://www.google.com/search?q=consulta+processo+TJRJ+0806210-39.2023.8.19.0029"", ""proximoPrazo"": """", ""statusManual"": ""Encerrado"", ""evento_resumo"": null, ""nacionalidade"": ""BRASILEIRA"", ""ultimoRetorno"": ""2026-09-01"", ""djen_ultima_data"": ""2026-06-02T00:00:00.000Z"", ""djen_ultimo_link"": ""https://tjrj.pje.jus.br/1g/Processo/ConsultaDocumento/listView.seam?x=26060118362142900000270843200"", ""djen_consultado_em"": ""2026-09-01T18:46:11.441Z"", ""djen_ultimo_resumo"": ""Extinção / cancelamento da distribuição"", ""tem_novo_andamento"": false, ""datajud_ultimo_nome"": ""Disponibilização no Diário da Justiça Eletrônico"", ""datajud_consultado_em"": ""2026-09-01T18:46:11.441+00:00"", ""djen_nova_comunicacao"": false, ""busca_apreensao_motivo"": null, ""em_cumprimento_sentenca"": false, ""indicio_busca_apreensao"": false, ""datajud_encerrado_motivo"": null, ""datajud_ultimo_movimento"": ""2026-06-03T04:22:44+00:00"", ""busca_apreensao_confianca"": null, ""datajud_encerrado_tribunal"": true, ""cumprimento_sentenca_motivo"": null, ""tem_atualizacao_pos_retorno"": false, ""busca_apreensao_consultado_em"": ""2026-08-03T03:49:48.683+00:00"", ""cumprimento_sentenca_consultado_em"": ""2026-09-01T18:46:11.441+00:00""}",d37fd4bb-1c71-4dca-b97e-292355918d39,d269f309-a461-4f01-b894-d3a7b54a4b7c,2026-09-01,,"CARTA DE DESISTÊNCIA
Informei para o cliente: Processo extinto, o senhor foi intimado ao pagamento de custas e não pagou.",Encerrado,Normal,EM ANDAMENTO,,MEDIARI,GEORDONE / LUCAS / RENATO,,,,0806210-39.2023.8.19.0029,TJRJ,,2026-06-03 04:22:44+00,Disponibilização no Diário da Justiça Eletrônico,2026-09-01 18:46:11.441+00,false,true,,false,,,2026-08-03 03:49:48.683+00,MjAyNi0wNi0wM1QwNDoyMjo0NC4wMDBa,false,,2026-09-01 18:46:11.441+00,2026-09-01 18:46:11.441+00,false,2026-06-02T00:00:00.000Z,Extinção / cancelamento da distribuição,https://tjrj.pje.jus.br/1g/Processo/ConsultaDocumento/listView.seam?x=26060118362142900000270843200,1,90,true,true,,,,,,,,,BRASILEIRA,,,,,,,d269f309-a461-4f01-b894-d3a7b54a4b7c,false,,false,,{},,false,,false,,2026-09-01 19:43:42.339702+00
208137,2026-07-27 19:52:29.547373+00,"{""id"": ""208137"", ""risco"": ""Normal"", ""status"": ""Encerrado"", ""cliente"": ""CLAUDIO BOTELHO PEREIRA - ITAU"", ""advogado"": ""GEORDONE / LUCAS / RENATO"", ""situacao"": ""ENCERRADO"", ""telefone"": """", ""tribunal"": ""TJRJ"", ""protocolo"": ""0806138-52.2023.8.19.0029"", ""created_by"": ""e72a59fd-d85f-4b4d-bbe1-1966249a14cf"", ""djen_count"": 5, ""escritorio"": ""MEDIARI"", ""observacao"": ""Informei ao cliente: Sua ação foi julgada improcedente, o que significa que o juiz não aceitou os pedidos que fizemos na inicial. Tentamos reverter por meio de um recurso chamado de apelação visando modificar a sentença proferida em 1ª instância. Neste caso, o desembargador que julgou o recurso, infelizmente negando provimento."", ""auditado_em"": ""2026-08-28"", ""evento_tipo"": ""transito_ou_baixa"", ""atendido_por"": ""e72a59fd-d85f-4b4d-bbe1-1966249a14cf"", ""auditado_por"": ""e72a59fd-d85f-4b4d-bbe1-1966249a14cf"", ""datajud_hash"": ""MjAyNi0wNy0xMFQxNzowMjozMi4wMDBa"", ""diasFaltando"": null, ""evento_fonte"": null, ""linkConsulta"": ""https://www.google.com/search?q=consulta+processo+TJRJ+0806138-52.2023.8.19.0029"", ""proximoPrazo"": """", ""statusManual"": ""Encerrado"", ""evento_resumo"": ""Sentença improcedente"", ""nacionalidade"": ""BRASILEIRA"", ""ultimoRetorno"": ""2026-09-01"", ""djen_ultima_data"": ""2026-08-17T00:00:00.000Z"", ""djen_ultimo_link"": ""https://eproc2g.tjrj.jus.br/eproc/externo_controlador.php?acao=consulta_publica_documento&numProcesso=08061385220238190029&idDocumento=191786534317627722525624745574&hash=a48eed0e4db7901fd19f452ded47fe9660f980dc214da4df72b6a6fcb07b72a8"", ""djen_consultado_em"": ""2026-09-01T18:46:22.384Z"", ""djen_ultimo_resumo"": ""Sentença improcedente"", ""tem_novo_andamento"": false, ""datajud_ultimo_nome"": ""Remessa"", ""datajud_consultado_em"": ""2026-09-01T18:46:22.384+00:00"", ""djen_nova_comunicacao"": false, ""busca_apreensao_motivo"": null, ""em_cumprimento_sentenca"": false, ""indicio_busca_apreensao"": false, ""datajud_encerrado_motivo"": null, ""datajud_ultimo_movimento"": ""2026-07-10T17:02:32+00:00"", ""busca_apreensao_confianca"": null, ""datajud_encerrado_tribunal"": true, ""cumprimento_sentenca_motivo"": null, ""tem_atualizacao_pos_retorno"": false, ""busca_apreensao_consultado_em"": ""2026-08-03T03:31:39.883+00:00"", ""cumprimento_sentenca_consultado_em"": ""2026-09-01T18:46:22.384+00:00""}",d37fd4bb-1c71-4dca-b97e-292355918d39,e72a59fd-d85f-4b4d-bbe1-1966249a14cf,2026-09-01,,"Informei ao cliente: Sua ação foi julgada improcedente, o que significa que o juiz não aceitou os pedidos que fizemos na inicial. Tentamos reverter por meio de um recurso chamado de apelação visando modificar a sentença proferida em 1ª instância. Neste caso, o desembargador que julgou o recurso, infelizmente negando provimento.",Encerrado,Normal,EM ANDAMENTO,,MEDIARI,GEORDONE / LUCAS / RENATO,,,,0806138-52.2023.8.19.0029,TJRJ,,2026-07-10 17:02:32+00,Remessa,2026-09-01 18:46:22.384+00,false,true,,false,,,2026-08-03 03:31:39.883+00,MjAyNi0wNy0xMFQxNzowMjozMi4wMDBa,false,,2026-09-01 18:46:22.384+00,2026-09-01 18:46:22.384+00,false,2026-08-17T00:00:00.000Z,Sentença improcedente,https://eproc2g.tjrj.jus.br/eproc/externo_controlador.php?acao=consulta_publica_documento&numProcesso=08061385220238190029&idDocumento=191786534317627722525624745574&hash=a48eed0e4db7901fd19f452ded47fe9660f980dc214da4df72b6a6fcb07b72a8,5,90,true,true,,,,,,,,,BRASILEIRA,,,,,,,e72a59fd-d85f-4b4d-bbe1-1966249a14cf,false,,false,,{},,false,,false,,2026-09-01 19:43:42.112776+00
208138,2026-07-27 19:52:29.547373+00,"{""id"": ""208138"", ""risco"": ""Normal"", ""status"": ""Encerrado"", ""cliente"": ""CLAUDIO HENRIQUE CORREIA DO NASCIMENTO"", ""advogado"": ""ERALDO / MATHEUS"", ""situacao"": ""ENCERRADO"", ""telefone"": """", ""tribunal"": ""TJSP"", ""protocolo"": ""1028218-33.2024.8.26.0405"", ""created_by"": ""4581d2fe-c358-45f9-a1bd-f90f93dce0fc"", ""djen_count"": 5, ""escritorio"": ""JVA / GM"", ""observacao"": ""CLIENTE NÃO RESPONDE, FEITO DEPOSITO NOS AUTOS DO PROCESSO."", ""auditado_em"": ""2026-08-24"", ""evento_tipo"": ""transito_ou_baixa"", ""atendido_por"": ""af1b75ea-cb64-4ebc-b4ad-ce1ce1fc01c5"", ""auditado_por"": ""af1b75ea-cb64-4ebc-b4ad-ce1ce1fc01c5"", ""datajud_hash"": ""MjAyNi0wMS0yMlQxNTo1MzozNS4wMDBa"", ""diasFaltando"": null, ""evento_fonte"": null, ""linkConsulta"": ""https://www.google.com/search?q=consulta+processo+TJSP+1028218-33.2024.8.26.0405"", ""proximoPrazo"": """", ""statusManual"": ""Encerrado"", ""evento_resumo"": ""BAIXA DEFINITIVA"", ""nacionalidade"": ""BRASILEIRA"", ""ultimoRetorno"": ""2026-09-01"", ""djen_ultima_data"": ""2026-08-06T00:00:00.000Z"", ""djen_ultimo_link"": ""https://www.dje.tjsp.jus.br"", ""djen_consultado_em"": ""2026-09-01T18:46:50.427Z"", ""djen_ultimo_resumo"": ""Processo 1028218-33.2024.8.26.0405 - Procedimento Comum Cível - Bancários - Claudio Henrique Correia do Nascimento - BAN…"", ""tem_novo_andamento"": false, ""datajud_ultimo_nome"": ""Expedição de documento"", ""datajud_consultado_em"": ""2026-09-01T18:46:50.426+00:00"", ""djen_nova_comunicacao"": false, ""busca_apreensao_motivo"": null, ""em_cumprimento_sentenca"": true, ""indicio_busca_apreensao"": false, ""datajud_encerrado_motivo"": ""BAIXA DEFINITIVA"", ""datajud_ultimo_movimento"": ""2026-01-22T15:53:35+00:00"", ""busca_apreensao_confianca"": null, ""datajud_encerrado_tribunal"": true, ""cumprimento_sentenca_motivo"": null, ""tem_atualizacao_pos_retorno"": false, ""busca_apreensao_consultado_em"": ""2026-08-03T04:08:08.972+00:00"", ""cumprimento_sentenca_consultado_em"": ""2026-09-01T18:46:50.426+00:00""}",d37fd4bb-1c71-4dca-b97e-292355918d39,4581d2fe-c358-45f9-a1bd-f90f93dce0fc,2026-09-01,,"CLIENTE NÃO RESPONDE, FEITO DEPOSITO NOS AUTOS DO PROCESSO.",Encerrado,Normal,ENCERRADO,,JVA / GM,ERALDO / MATHEUS,,,,1028218-33.2024.8.26.0405,TJSP,,2026-01-22 15:53:35+00,Expedição de documento,2026-09-01 18:46:50.426+00,false,true,BAIXA DEFINITIVA,false,,,2026-08-03 04:08:08.972+00,MjAyNi0wMS0yMlQxNTo1MzozNS4wMDBa,true,,2026-09-01 18:46:50.426+00,2026-09-01 18:46:50.427+00,false,2026-08-06T00:00:00.000Z,Processo 1028218-33.2024.8.26.0405 - Procedimento Comum Cível - Bancários - Claudio Henrique Correia do Nascimento - BAN…,https://www.dje.tjsp.jus.br,5,90,true,true,,,,,,,,,BRASILEIRA,,,,,,af1b75ea-cb64-4ebc-b4ad-ce1ce1fc01c5,af1b75ea-cb64-4ebc-b4ad-ce1ce1fc01c5,true,DJEN parcial,false,2026-09-01 18:46:50.835+00,{},,false,,false,,2026-09-01 19:43:41.853321+00
208139,2026-07-27 19:52:29.547373+00,"{""id"": ""208139"", ""risco"": ""Normal"", ""status"": ""No Prazo"", ""cliente"": ""CLEDIMILTON RAMOS CARDOSO"", ""advogado"": ""MATHEUS"", ""situacao"": ""EM ANDAMENTO"", ""telefone"": """", ""tribunal"": ""TJMA"", ""protocolo"": ""0800763-09.2025.8.10.0140"", ""created_by"": ""d730da06-030a-4921-bdb4-96b335a21d58"", ""djen_count"": 5, ""escritorio"": ""JVA / GM"", ""observacao"": ""AGUARDANDO A MANIFESTAÇÃO DO JUIZ "", ""auditado_em"": ""2026-08-26"", ""evento_tipo"": ""rotina"", ""atendido_por"": ""4581d2fe-c358-45f9-a1bd-f90f93dce0fc"", ""auditado_por"": ""d730da06-030a-4921-bdb4-96b335a21d58"", ""datajud_hash"": ""MjAyNi0wNy0xM1QwMDo0NTozNS4wMDBa"", ""diasFaltando"": 9, ""evento_fonte"": null, ""linkConsulta"": ""https://www.google.com/search?q=consulta+processo+TJMA+0800763-09.2025.8.10.0140"", ""proximoPrazo"": ""2026-09-10"", ""statusManual"": ""Automatico"", ""evento_resumo"": null, ""nacionalidade"": ""BRASILEIRA"", ""ultimoRetorno"": ""2026-08-26"", ""djen_ultima_data"": ""2026-07-10T00:00:00.000Z"", ""djen_ultimo_link"": ""https://pje.tjma.jus.br:443/pje/Processo/ConsultaDocumento/listView.seam?x=26070914325988600000171356747"", ""djen_consultado_em"": ""2026-08-26T11:31:52.834Z"", ""djen_ultimo_resumo"": ""Intimação / ciência"", ""tem_novo_andamento"": false, ""datajud_ultimo_nome"": ""Publicação"", ""datajud_consultado_em"": ""2026-08-26T11:31:52.834+00:00"", ""djen_nova_comunicacao"": false, ""busca_apreensao_motivo"": null, ""em_cumprimento_sentenca"": false, ""indicio_busca_apreensao"": false, ""datajud_encerrado_motivo"": null, ""datajud_ultimo_movimento"": ""2026-07-13T00:45:35+00:00"", ""busca_apreensao_confianca"": null, ""datajud_encerrado_tribunal"": false, ""cumprimento_sentenca_motivo"": null, ""tem_atualizacao_pos_retorno"": false, ""busca_apreensao_consultado_em"": ""2026-08-03T03:43:13.467+00:00"", ""cumprimento_sentenca_consultado_em"": ""2026-08-26T11:31:52.834+00:00""}",d37fd4bb-1c71-4dca-b97e-292355918d39,d730da06-030a-4921-bdb4-96b335a21d58,2026-08-26,2026-09-10,"AGUARDANDO A MANIFESTAÇÃO DO JUIZ ",No Prazo,Normal,EM ANDAMENTO,,JVA / GM,MATHEUS,,,,0800763-09.2025.8.10.0140,TJMA,,2026-07-13 00:45:35+00,Publicação,2026-08-26 11:31:52.834+00,false,false,,false,,,2026-08-03 03:43:13.467+00,MjAyNi0wNy0xM1QwMDo0NTozNS4wMDBa,false,,2026-08-26 11:31:52.834+00,2026-08-26 11:31:52.834+00,false,2026-07-10T00:00:00.000Z,Intimação / ciência,https://pje.tjma.jus.br:443/pje/Processo/ConsultaDocumento/listView.seam?x=26070914325988600000171356747,5,40,true,true,,,,,,,,,BRASILEIRA,,,,,,,4581d2fe-c358-45f9-a1bd-f90f93dce0fc,false,,false,,{},,false,,false,,2026-09-01 19:43:41.386398+00
208140,2026-07-27 19:52:29.547373+00,"{""id"": ""208140"", ""risco"": ""Normal"", ""status"": ""Sem Prazo"", ""cliente"": ""CLEISON DE SOUSA SANTOS"", ""advogado"": ""DIEGO"", ""situacao"": ""EM ANDAMENTO"", ""telefone"": """", ""tribunal"": ""TJSP"", ""protocolo"": ""4001190-97.2026.8.26.0654"", ""created_by"": ""d269f309-a461-4f01-b894-d3a7b54a4b7c"", ""djen_count"": 2, ""escritorio"": ""MEDIARI"", ""observacao"": ""EMENDA INICIAL, NÃO CONCEDIDA JG E TUTELA"", ""auditado_em"": null, ""evento_tipo"": ""novo_andamento_relevante"", ""atendido_por"": null, ""auditado_por"": null, ""datajud_hash"": ""MjAyNi0wNy0wMVQwNjo1NTozMC4wMDBa"", ""diasFaltando"": null, ""evento_fonte"": ""datajud"", ""linkConsulta"": ""https://www.google.com/search?q=consulta+processo+TJSP+4001190-97.2026.8.26.0654"", ""proximoPrazo"": """", ""statusManual"": ""Automatico"", ""evento_resumo"": ""Publicação"", ""nacionalidade"": ""BRASILEIRA"", ""ultimoRetorno"": """", ""djen_ultima_data"": ""2026-06-30T00:00:00.000Z"", ""djen_ultimo_link"": ""https://eproc1g.tjsp.jus.br/eproc/externo_controlador.php?acao=consulta_publica_documento&numProcesso=40011909720268260654&idDocumento=611782742684876478235321331535&hash=c6bce7c19d9312f2cd5376cbe2e54466637fdc05b7e7eed9bb1f2e34ccb0932d"", ""djen_consultado_em"": ""2026-08-26T12:44:53.887Z"", ""djen_ultimo_resumo"": ""Extinção / cancelamento da distribuição"", ""tem_novo_andamento"": true, ""datajud_ultimo_nome"": ""Publicação"", ""datajud_consultado_em"": ""2026-08-26T12:44:53.887+00:00"", ""djen_nova_comunicacao"": false, ""busca_apreensao_motivo"": null, ""em_cumprimento_sentenca"": false, ""indicio_busca_apreensao"": false, ""datajud_encerrado_motivo"": null, ""datajud_ultimo_movimento"": ""2026-07-01T06:55:30+00:00"", ""busca_apreensao_confianca"": null, ""datajud_encerrado_tribunal"": false, ""cumprimento_sentenca_motivo"": null, ""tem_atualizacao_pos_retorno"": true, ""busca_apreensao_consultado_em"": ""2026-08-03T03:47:27.114+00:00"", ""cumprimento_sentenca_consultado_em"": ""2026-08-26T12:44:53.887+00:00""}",d37fd4bb-1c71-4dca-b97e-292355918d39,d269f309-a461-4f01-b894-d3a7b54a4b7c,,,"EMENDA INICIAL, NÃO CONCEDIDA JG E TUTELA",Sem Prazo,Normal,EM ANDAMENTO,,MEDIARI,DIEGO,,,,4001190-97.2026.8.26.0654,TJSP,,2026-07-01 06:55:30+00,Publicação,2026-08-26 12:44:53.887+00,true,false,,false,,,2026-08-03 03:47:27.114+00,MjAyNi0wNy0wMVQwNjo1NTozMC4wMDBa,false,,2026-08-26 12:44:53.887+00,2026-08-26 12:44:53.887+00,false,2026-06-30T00:00:00.000Z,Extinção / cancelamento da distribuição,https://eproc1g.tjsp.jus.br/eproc/externo_controlador.php?acao=consulta_publica_documento&numProcesso=40011909720268260654&idDocumento=611782742684876478235321331535&hash=c6bce7c19d9312f2cd5376cbe2e54466637fdc05b7e7eed9bb1f2e34ccb0932d,2,80,true,true,,,,,,,,,BRASILEIRA,,,,,,,,false,,false,,{},,false,,false,,2026-09-01 19:43:42.112776+00
208141,2026-07-27 19:52:29.547373+00,"{""id"": ""208141"", ""risco"": ""Normal"", ""status"": ""No Prazo"", ""cliente"": ""CLEITON LAVEZZO"", ""advogado"": ""ERALDO / MATHEUS"", ""situacao"": ""EM ANDAMENTO"", ""telefone"": """", ""tribunal"": ""TJSP"", ""protocolo"": ""1050600-89.2024.8.26.0576"", ""created_by"": ""e72a59fd-d85f-4b4d-bbe1-1966249a14cf"", ""djen_count"": 3, ""escritorio"": ""JVA / GM"", ""observacao"": ""Andamento sistêmico"", ""auditado_em"": ""2026-08-31"", ""evento_tipo"": ""audiencia_conciliacao"", ""atendido_por"": ""d269f309-a461-4f01-b894-d3a7b54a4b7c"", ""auditado_por"": ""e72a59fd-d85f-4b4d-bbe1-1966249a14cf"", ""datajud_hash"": null, ""diasFaltando"": 20, ""evento_fonte"": null, ""linkConsulta"": ""https://www.google.com/search?q=consulta+processo+TJSP+1050600-89.2024.8.26.0576"", ""proximoPrazo"": ""2026-09-21"", ""statusManual"": ""Automatico"", ""evento_resumo"": ""Audiência de conciliação/mediação"", ""nacionalidade"": ""BRASILEIRA"", ""ultimoRetorno"": ""2026-08-31"", ""djen_ultima_data"": ""2026-07-13T00:00:00.000Z"", ""djen_ultimo_link"": ""https://www.dje.tjsp.jus.br"", ""djen_consultado_em"": ""2026-08-26T14:10:37.316Z"", ""djen_ultimo_resumo"": ""Audiência de conciliação/mediação"", ""tem_novo_andamento"": false, ""datajud_ultimo_nome"": ""Petição"", ""datajud_consultado_em"": ""2026-08-26T14:10:37.316+00:00"", ""djen_nova_comunicacao"": false, ""busca_apreensao_motivo"": null, ""em_cumprimento_sentenca"": false, ""indicio_busca_apreensao"": false, ""datajud_encerrado_motivo"": null, ""datajud_ultimo_movimento"": ""2026-05-29T15:54:48+00:00"", ""busca_apreensao_confianca"": null, ""datajud_encerrado_tribunal"": false, ""cumprimento_sentenca_motivo"": null, ""tem_atualizacao_pos_retorno"": false, ""busca_apreensao_consultado_em"": ""2026-08-03T03:37:00.279+00:00"", ""cumprimento_sentenca_consultado_em"": ""2026-08-26T14:10:37.315+00:00""}",d37fd4bb-1c71-4dca-b97e-292355918d39,e72a59fd-d85f-4b4d-bbe1-1966249a14cf,2026-08-31,2026-09-21,Andamento sistêmico,No Prazo,Normal,EM ANDAMENTO,,JVA / GM,ERALDO / MATHEUS,,,,1050600-89.2024.8.26.0576,TJSP,,2026-05-29 15:54:48+00,Petição,2026-08-26 14:10:37.316+00,false,false,,false,,,2026-08-03 03:37:00.279+00,,false,,2026-08-26 14:10:37.315+00,2026-08-26 14:10:37.316+00,false,2026-07-13T00:00:00.000Z,Audiência de conciliação/mediação,https://www.dje.tjsp.jus.br,3,40,true,true,,,,,,,,,BRASILEIRA,,,,,,,d269f309-a461-4f01-b894-d3a7b54a4b7c,false,,false,2026-08-26 14:10:37.603+00,{},,false,,false,,2026-09-01 19:43:41.632538+00
208142,2026-07-27 19:52:29.547373+00,"{""id"": ""208142"", ""risco"": ""Normal"", ""status"": ""Encerrado"", ""cliente"": ""CONCEICAO DE MARIA DE OLIVEIRA"", ""advogado"": ""ISAI / ERALDO / MATHEUS"", ""situacao"": ""ENCERRADO"", ""telefone"": """", ""tribunal"": ""TJMG"", ""protocolo"": ""5027058-81.2023.8.13.0701"", ""created_by"": ""4581d2fe-c358-45f9-a1bd-f90f93dce0fc"", ""djen_count"": 9, ""escritorio"": ""HUGS"", ""observacao"": ""Aguardando o transito em julgado para instaurar o cumprimento de sentença"", ""auditado_em"": null, ""evento_tipo"": ""transito_ou_baixa"", ""atendido_por"": ""e72a59fd-d85f-4b4d-bbe1-1966249a14cf"", ""auditado_por"": null, ""datajud_hash"": ""MjAyNi0wNy0yMlQxMDoxMzo0Ny4wMDBa"", ""diasFaltando"": null, ""evento_fonte"": null, ""linkConsulta"": ""https://www.google.com/search?q=consulta+processo+TJMG+5027058-81.2023.8.13.0701"", ""proximoPrazo"": """", ""statusManual"": ""Encerrado"", ""evento_resumo"": ""BAIXA DEFINITIVA"", ""nacionalidade"": ""BRASILEIRA"", ""ultimoRetorno"": ""2026-09-01"", ""djen_ultima_data"": ""2026-06-23T00:00:00.000Z"", ""djen_ultimo_link"": ""https://pje.tjmg.jus.br:443/pje/Processo/ConsultaDocumento/listView.seam?x=26062211455213800010697200901"", ""djen_consultado_em"": ""2026-09-01T18:47:18.733Z"", ""djen_ultimo_resumo"": ""Custas / preparo"", ""tem_novo_andamento"": false, ""datajud_ultimo_nome"": ""Petição"", ""datajud_consultado_em"": ""2026-09-01T18:47:18.733+00:00"", ""djen_nova_comunicacao"": false, ""busca_apreensao_motivo"": null, ""em_cumprimento_sentenca"": false, ""indicio_busca_apreensao"": false, ""datajud_encerrado_motivo"": ""BAIXA DEFINITIVA"", ""datajud_ultimo_movimento"": ""2026-07-22T10:13:47+00:00"", ""busca_apreensao_confianca"": null, ""datajud_encerrado_tribunal"": true, ""cumprimento_sentenca_motivo"": ""Procedência em Parte"", ""tem_atualizacao_pos_retorno"": false, ""busca_apreensao_consultado_em"": ""2026-08-03T03:44:05.674+00:00"", ""cumprimento_sentenca_consultado_em"": ""2026-09-01T18:47:18.733+00:00""}",d37fd4bb-1c71-4dca-b97e-292355918d39,4581d2fe-c358-45f9-a1bd-f90f93dce0fc,2026-09-01,,Aguardando o transito em julgado para instaurar o cumprimento de sentença,Encerrado,Normal,ENCERRADO,,HUGS,ISAI / ERALDO / MATHEUS,,,,5027058-81.2023.8.13.0701,TJMG,,2026-07-22 10:13:47+00,Petição,2026-09-01 18:47:18.733+00,false,true,BAIXA DEFINITIVA,false,,,2026-08-03 03:44:05.674+00,MjAyNi0wNy0yMlQxMDoxMzo0Ny4wMDBa,false,Procedência em Parte,2026-09-01 18:47:18.733+00,2026-09-01 18:47:18.733+00,false,2026-06-23T00:00:00.000Z,Custas / preparo,https://pje.tjmg.jus.br:443/pje/Processo/ConsultaDocumento/listView.seam?x=26062211455213800010697200901,9,90,true,true,,,,,,,,,BRASILEIRA,,,,,,,e72a59fd-d85f-4b4d-bbe1-1966249a14cf,true,Procedência em Parte,true,2026-09-01 18:47:19.04+00,{},,false,,false,,2026-09-01 19:43:42.579127+00
208143,2026-07-27 19:52:29.547373+00,"{""id"": ""208143"", ""risco"": ""Normal"", ""status"": ""Atenção"", ""cliente"": ""CRISTHIAN VALENTIM TAVARES DE TOLEDO"", ""advogado"": ""MAIKON / ANDRESSA"", ""situacao"": ""EM ANDAMENTO"", ""telefone"": """", ""tribunal"": ""TJSP"", ""protocolo"": ""4000895-29.2025.8.26.0417"", ""created_by"": ""d730da06-030a-4921-bdb4-96b335a21d58"", ""djen_count"": 3, ""escritorio"": ""JVA / GM"", ""observacao"": ""INFORMEI PARA O CLIENTE: REFERENTE AO SEU PROCESSO, O JUIZ DETERMINOU QUE O SENHOR COMPAREÇA, NO CARTÓRIO JUDICIAL DA 3ª VARA DA COMARCA DE PARAGUAÇU PAULISTA, PARA CONFIRMAR QUE TEM CIÊNCIA DA PROCURAÇÃO JUNTADA AO PROCESSO. O ATENDIMENTO DEVERÁ SER REALIZADO NO SEGUINTE ENDEREÇO:\nAVENIDA SIQUEIRA CAMPOS, Nº 1.429 – VILA AFFINE – PARAGUAÇU PAULISTA/SP\nTELEFONE: (18) 3362-8329"", ""auditado_em"": ""2026-08-18"", ""evento_tipo"": ""rotina"", ""atendido_por"": ""d730da06-030a-4921-bdb4-96b335a21d58"", ""auditado_por"": ""e72a59fd-d85f-4b4d-bbe1-1966249a14cf"", ""datajud_hash"": ""MjAyNi0wNS0yMFQyMjo0Nzo1Ni4wMDBa"", ""diasFaltando"": 2, ""evento_fonte"": null, ""linkConsulta"": ""https://www.google.com/search?q=consulta+processo+TJSP+4000895-29.2025.8.26.0417"", ""proximoPrazo"": ""2026-09-03"", ""statusManual"": ""Automatico"", ""evento_resumo"": null, ""nacionalidade"": ""BRASILEIRA"", ""ultimoRetorno"": ""2026-08-18"", ""djen_ultima_data"": ""2026-04-27T00:00:00.000Z"", ""djen_ultimo_link"": ""https://eproc1g.tjsp.jus.br/eproc/externo_controlador.php?acao=consulta_publica_documento&numProcesso=40008952920258260417&idDocumento=611776969114506073589087740177&hash=28276a0180460268dd8fb03d766cbdfba2a607217f32a14975bfaf744d07c4e6"", ""djen_consultado_em"": ""2026-08-17T15:09:43.242Z"", ""djen_ultimo_resumo"": ""Liminar / tutela de urgência"", ""tem_novo_andamento"": false, ""datajud_ultimo_nome"": ""Conclusão"", ""datajud_consultado_em"": ""2026-08-17T15:09:43.242+00:00"", ""djen_nova_comunicacao"": false, ""busca_apreensao_motivo"": null, ""em_cumprimento_sentenca"": false, ""indicio_busca_apreensao"": false, ""datajud_encerrado_motivo"": null, ""datajud_ultimo_movimento"": ""2026-05-20T22:47:56+00:00"", ""busca_apreensao_confianca"": null, ""datajud_encerrado_tribunal"": false, ""cumprimento_sentenca_motivo"": null, ""tem_atualizacao_pos_retorno"": false, ""busca_apreensao_consultado_em"": ""2026-08-03T04:12:24.63+00:00"", ""cumprimento_sentenca_consultado_em"": ""2026-08-17T15:09:43.242+00:00""}",d37fd4bb-1c71-4dca-b97e-292355918d39,d730da06-030a-4921-bdb4-96b335a21d58,2026-08-18,2026-09-03,"INFORMEI PARA O CLIENTE: REFERENTE AO SEU PROCESSO, O JUIZ DETERMINOU QUE O SENHOR COMPAREÇA, NO CARTÓRIO JUDICIAL DA 3ª VARA DA COMARCA DE PARAGUAÇU PAULISTA, PARA CONFIRMAR QUE TEM CIÊNCIA DA PROCURAÇÃO JUNTADA AO PROCESSO. O ATENDIMENTO DEVERÁ SER REALIZADO NO SEGUINTE ENDEREÇO:
AVENIDA SIQUEIRA CAMPOS, Nº 1.429 – VILA AFFINE – PARAGUAÇU PAULISTA/SP
TELEFONE: (18) 3362-8329",Atenção,Normal,EM ANDAMENTO,,JVA / GM,MAIKON / ANDRESSA,,,,4000895-29.2025.8.26.0417,TJSP,,2026-05-20 22:47:56+00,Conclusão,2026-08-17 15:09:43.242+00,false,false,,false,,,2026-08-03 04:12:24.63+00,MjAyNi0wNS0yMFQyMjo0Nzo1Ni4wMDBa,false,,2026-08-17 15:09:43.242+00,2026-08-17 15:09:43.242+00,false,2026-04-27T00:00:00.000Z,Liminar / tutela de urgência,https://eproc1g.tjsp.jus.br/eproc/externo_controlador.php?acao=consulta_publica_documento&numProcesso=40008952920258260417&idDocumento=611776969114506073589087740177&hash=28276a0180460268dd8fb03d766cbdfba2a607217f32a14975bfaf744d07c4e6,3,40,true,true,,,,,,,,,BRASILEIRA,,,,,,,d730da06-030a-4921-bdb4-96b335a21d58,false,,false,,{},,false,,false,,2026-09-01 19:43:42.112776+00
208144,2026-07-27 19:52:29.547373+00,"{""id"": ""208144"", ""risco"": ""Normal"", ""status"": ""Encerrado"", ""cliente"": ""CRISTIAN RAMOS"", ""advogado"": ""DIEGO"", ""situacao"": ""ENCERRADO"", ""telefone"": """", ""tribunal"": ""TJMT"", ""protocolo"": ""1005932-38.2026.8.11.0040"", ""created_by"": ""d269f309-a461-4f01-b894-d3a7b54a4b7c"", ""djen_count"": 4, ""escritorio"": ""MEDIARI"", ""observacao"": ""PARCIALMENTE PROCEDENTE"", ""auditado_em"": null, ""evento_tipo"": ""transito_ou_baixa"", ""atendido_por"": ""4581d2fe-c358-45f9-a1bd-f90f93dce0fc"", ""auditado_por"": null, ""datajud_hash"": ""MjAyNi0wNy0xMFQxMjozNDozNC4wMDBa"", ""diasFaltando"": null, ""evento_fonte"": ""djen"", ""linkConsulta"": ""https://www.google.com/search?q=consulta+processo+TJMT+1005932-38.2026.8.11.0040"", ""proximoPrazo"": """", ""statusManual"": ""Encerrado"", ""evento_resumo"": ""1005932-38.2026.8.11.0040 CERTIFICO e dou fé para que surtam os jurídicos e legais efeitos que em cumprimento à Seção 16…"", ""nacionalidade"": ""BRASILEIRA"", ""ultimoRetorno"": ""2026-09-01"", ""djen_ultima_data"": ""2026-08-17T00:00:00.000Z"", ""djen_ultimo_link"": ""https://pje.tjmt.jus.br/pje/Processo/ConsultaDocumento/listView.seam?x=26081409452870100000227295330"", ""djen_consultado_em"": ""2026-08-26T11:24:51.092Z"", ""djen_ultimo_resumo"": ""1005932-38.2026.8.11.0040 CERTIFICO e dou fé para que surtam os jurídicos e legais efeitos que em cumprimento à Seção 16…"", ""tem_novo_andamento"": true, ""datajud_ultimo_nome"": ""Conclusão"", ""datajud_consultado_em"": ""2026-08-26T11:24:51.091+00:00"", ""djen_nova_comunicacao"": true, ""busca_apreensao_motivo"": null, ""em_cumprimento_sentenca"": true, ""indicio_busca_apreensao"": false, ""datajud_encerrado_motivo"": null, ""datajud_ultimo_movimento"": ""2026-07-10T12:34:34+00:00"", ""busca_apreensao_confianca"": null, ""datajud_encerrado_tribunal"": true, ""cumprimento_sentenca_motivo"": null, ""tem_atualizacao_pos_retorno"": false, ""busca_apreensao_consultado_em"": ""2026-08-03T04:10:06.597+00:00"", ""cumprimento_sentenca_consultado_em"": ""2026-08-26T11:24:51.091+00:00""}",d37fd4bb-1c71-4dca-b97e-292355918d39,d269f309-a461-4f01-b894-d3a7b54a4b7c,2026-09-01,,PARCIALMENTE PROCEDENTE,Encerrado,Normal,ENCERRADO,,MEDIARI,DIEGO,,,,1005932-38.2026.8.11.0040,TJMT,,2026-07-10 12:34:34+00,Conclusão,2026-08-26 11:24:51.091+00,false,true,,false,,,2026-08-03 04:10:06.597+00,MjAyNi0wNy0xMFQxMjozNDozNC4wMDBa,true,,2026-08-26 11:24:51.091+00,2026-08-26 11:24:51.092+00,true,2026-08-17T00:00:00.000Z,1005932-38.2026.8.11.0040 CERTIFICO e dou fé para que surtam os jurídicos e legais efeitos que em cumprimento à Seção 16…,https://pje.tjmt.jus.br/pje/Processo/ConsultaDocumento/listView.seam?x=26081409452870100000227295330,4,80,true,true,,,,,,,,,BRASILEIRA,,,,,,,4581d2fe-c358-45f9-a1bd-f90f93dce0fc,false,,true,,{},,false,,false,,2026-09-01 19:43:42.339702+00
208145,2026-07-27 19:52:29.547373+00,"{""id"": ""208145"", ""risco"": ""Crítico"", ""status"": ""Vencido"", ""cliente"": ""DANIEL DA SILVA RABELO"", ""advogado"": ""ISAI / ERALDO"", ""situacao"": ""EM ANDAMENTO"", ""telefone"": """", ""tribunal"": ""TJAM"", ""protocolo"": ""0643121-38.2023.8.04.0001"", ""created_by"": ""e72a59fd-d85f-4b4d-bbe1-1966249a14cf"", ""djen_count"": 7, ""escritorio"": ""HUGS"", ""observacao"": ""AGUARDANDO JULGAMENTO "", ""auditado_em"": null, ""evento_tipo"": ""novo_andamento_relevante"", ""atendido_por"": null, ""auditado_por"": null, ""datajud_hash"": ""MjAyNS0wOS0xMVQxMjozNToxNi4wMDBa"", ""diasFaltando"": -20, ""evento_fonte"": ""djen"", ""linkConsulta"": ""https://www.google.com/search?q=consulta+processo+TJAM+0643121-38.2023.8.04.0001"", ""proximoPrazo"": ""2026-08-12"", ""statusManual"": ""Automatico"", ""evento_resumo"": ""Para advogados/curador/defensor de BANCO BRADESCO FINANCIAMENTOS S/A com prazo de 15 dias úteis - Referente ao evento JU…"", ""nacionalidade"": ""BRASILEIRA"", ""ultimoRetorno"": ""2026-07-29"", ""djen_ultima_data"": ""2026-08-19T00:00:00.000Z"", ""djen_ultimo_link"": ""https://comunica.pje.jus.br/consulta?hash=qo8LEjMvYgzheOAF5TGKOzBZmrz2A1"", ""djen_consultado_em"": ""2026-08-26T01:57:04.536Z"", ""djen_ultimo_resumo"": ""Para advogados/curador/defensor de BANCO BRADESCO FINANCIAMENTOS S/A com prazo de 15 dias úteis - Referente ao evento JU…"", ""tem_novo_andamento"": true, ""datajud_ultimo_nome"": ""Disponibilização no Diário da Justiça Eletrônico"", ""datajud_consultado_em"": ""2026-08-26T01:57:04.536+00:00"", ""djen_nova_comunicacao"": true, ""busca_apreensao_motivo"": null, ""em_cumprimento_sentenca"": false, ""indicio_busca_apreensao"": false, ""datajud_encerrado_motivo"": null, ""datajud_ultimo_movimento"": ""2026-07-21T16:55:04+00:00"", ""busca_apreensao_confianca"": null, ""datajud_encerrado_tribunal"": false, ""cumprimento_sentenca_motivo"": null, ""tem_atualizacao_pos_retorno"": false, ""busca_apreensao_consultado_em"": ""2026-08-03T03:30:46.702+00:00"", ""cumprimento_sentenca_consultado_em"": ""2026-08-26T01:57:04.536+00:00""}",d37fd4bb-1c71-4dca-b97e-292355918d39,e72a59fd-d85f-4b4d-bbe1-1966249a14cf,2026-07-29,2026-08-12,"AGUARDANDO JULGAMENTO ",Vencido,Crítico,EM ANDAMENTO,,HUGS,ISAI / ERALDO,,,,0643121-38.2023.8.04.0001,TJAM,,2026-07-21 16:55:04+00,Disponibilização no Diário da Justiça Eletrônico,2026-08-26 01:57:04.536+00,false,false,,false,,,2026-08-03 03:30:46.702+00,MjAyNS0wOS0xMVQxMjozNToxNi4wMDBa,false,,2026-08-26 01:57:04.536+00,2026-08-26 01:57:04.536+00,true,2026-08-19T00:00:00.000Z,Para advogados/curador/defensor de BANCO BRADESCO FINANCIAMENTOS S/A com prazo de 15 dias úteis - Referente ao evento JU…,https://comunica.pje.jus.br/consulta?hash=qo8LEjMvYgzheOAF5TGKOzBZmrz2A1,7,80,true,true,,,,,,,,,BRASILEIRA,,,,,,,,false,,false,,{},,false,,false,,2026-09-01 19:43:41.853321+00
208146,2026-07-27 19:52:29.547373+00,"{""id"": ""208146"", ""risco"": ""Crítico"", ""status"": ""Vencido"", ""cliente"": ""DANIELA ROSANA FERNANDES"", ""advogado"": ""MATHEUS"", ""situacao"": ""EM ANDAMENTO"", ""telefone"": """", ""tribunal"": ""TJMG"", ""protocolo"": ""5000393-91.2025.8.13.0528"", ""created_by"": ""4581d2fe-c358-45f9-a1bd-f90f93dce0fc"", ""djen_count"": 3, ""escritorio"": ""JVA / GM"", ""observacao"": ""CONCLUSO"", ""auditado_em"": null, ""evento_tipo"": ""novo_andamento_relevante"", ""atendido_por"": ""d269f309-a461-4f01-b894-d3a7b54a4b7c"", ""auditado_por"": null, ""datajud_hash"": ""MjAyNi0wNC0wN1QxMDo0MDo1OS4wMDBa"", ""diasFaltando"": -46, ""evento_fonte"": ""datajud"", ""linkConsulta"": ""https://www.google.com/search?q=consulta+processo+TJMG+5000393-91.2025.8.13.0528"", ""proximoPrazo"": ""2026-07-17"", ""statusManual"": ""Automatico"", ""evento_resumo"": ""Conclusão"", ""nacionalidade"": ""BRASILEIRA"", ""ultimoRetorno"": ""2026-07-03"", ""djen_ultima_data"": ""2026-03-30T00:00:00.000Z"", ""djen_ultimo_link"": ""https://pje.tjmg.jus.br:443/pje/Processo/ConsultaDocumento/listView.seam?x=26032717333061700010649615662"", ""djen_consultado_em"": ""2026-08-25T22:20:18.139Z"", ""djen_ultimo_resumo"": ""Intimação / ciência"", ""tem_novo_andamento"": true, ""datajud_ultimo_nome"": ""Conclusão"", ""datajud_consultado_em"": ""2026-08-25T22:20:18.139+00:00"", ""djen_nova_comunicacao"": false, ""busca_apreensao_motivo"": null, ""em_cumprimento_sentenca"": false, ""indicio_busca_apreensao"": false, ""datajud_encerrado_motivo"": null, ""datajud_ultimo_movimento"": ""2026-07-30T12:32:58+00:00"", ""busca_apreensao_confianca"": null, ""datajud_encerrado_tribunal"": false, ""cumprimento_sentenca_motivo"": null, ""tem_atualizacao_pos_retorno"": true, ""busca_apreensao_consultado_em"": ""2026-08-03T03:44:17.1+00:00"", ""cumprimento_sentenca_consultado_em"": ""2026-08-25T22:20:18.139+00:00""}",d37fd4bb-1c71-4dca-b97e-292355918d39,4581d2fe-c358-45f9-a1bd-f90f93dce0fc,2026-07-03,2026-07-17,CONCLUSO,Vencido,Crítico,EM ANDAMENTO,,JVA / GM,MATHEUS,,,,5000393-91.2025.8.13.0528,TJMG,,2026-07-30 12:32:58+00,Conclusão,2026-08-25 22:20:18.139+00,true,false,,false,,,2026-08-03 03:44:17.1+00,MjAyNi0wNC0wN1QxMDo0MDo1OS4wMDBa,false,,2026-08-25 22:20:18.139+00,2026-08-25 22:20:18.139+00,false,2026-03-30T00:00:00.000Z,Intimação / ciência,https://pje.tjmg.jus.br:443/pje/Processo/ConsultaDocumento/listView.seam?x=26032717333061700010649615662,3,80,true,true,,,,,,,,,BRASILEIRA,,,,,,,d269f309-a461-4f01-b894-d3a7b54a4b7c,false,,false,,{},,false,,false,,2026-09-01 19:43:42.579127+00
208147,2026-07-27 19:52:29.547373+00,"{""id"": ""208147"", ""risco"": ""Normal"", ""status"": ""Encerrado"", ""cliente"": ""DANIELLE TRINDADE DA SILVA RAMOS"", ""advogado"": ""MATHEUS"", ""situacao"": ""ENCERRADO"", ""telefone"": """", ""tribunal"": ""TJSP"", ""protocolo"": ""1003719-54.2025.8.26.0597"", ""created_by"": ""d730da06-030a-4921-bdb4-96b335a21d58"", ""djen_count"": 1, ""escritorio"": ""JVA / GM"", ""observacao"": ""HONORÁRIOS / SUCUMBÊNCIA / CLIENTE CIENTE / A FINANCEIRA AINDA NÃO INSTAUROU O CUMPRIMENTO DE SENTENÇA "", ""auditado_em"": null, ""evento_tipo"": ""transito_ou_baixa"", ""atendido_por"": ""af1b75ea-cb64-4ebc-b4ad-ce1ce1fc01c5"", ""auditado_por"": ""af1b75ea-cb64-4ebc-b4ad-ce1ce1fc01c5"", ""datajud_hash"": ""MjAyNi0wMS0xNVQxNTo0Nzo1OS4wMDBa"", ""diasFaltando"": null, ""evento_fonte"": null, ""linkConsulta"": ""https://www.google.com/search?q=consulta+processo+TJSP+1003719-54.2025.8.26.0597"", ""proximoPrazo"": """", ""statusManual"": ""Encerrado"", ""evento_resumo"": ""BAIXA DEFINITIVA"", ""nacionalidade"": ""BRASILEIRA"", ""ultimoRetorno"": ""2026-09-01"", ""djen_ultima_data"": ""2025-10-16T00:00:00.000Z"", ""djen_ultimo_link"": ""https://www.dje.tjsp.jus.br"", ""djen_consultado_em"": ""2026-08-26T19:10:12.481Z"", ""djen_ultimo_resumo"": ""Trânsito em julgado"", ""tem_novo_andamento"": false, ""datajud_ultimo_nome"": ""Definitivo"", ""datajud_consultado_em"": ""2026-08-26T19:10:12.481+00:00"", ""djen_nova_comunicacao"": false, ""busca_apreensao_motivo"": null, ""em_cumprimento_sentenca"": false, ""indicio_busca_apreensao"": false, ""datajud_encerrado_motivo"": ""BAIXA DEFINITIVA"", ""datajud_ultimo_movimento"": ""2026-01-15T15:47:59+00:00"", ""busca_apreensao_confianca"": null, ""datajud_encerrado_tribunal"": true, ""cumprimento_sentenca_motivo"": null, ""tem_atualizacao_pos_retorno"": false, ""busca_apreensao_consultado_em"": ""2026-08-03T11:49:08.818+00:00"", ""cumprimento_sentenca_consultado_em"": ""2026-08-26T19:10:12.481+00:00""}",d37fd4bb-1c71-4dca-b97e-292355918d39,d730da06-030a-4921-bdb4-96b335a21d58,2026-09-01,,"HONORÁRIOS / SUCUMBÊNCIA / CLIENTE CIENTE / A FINANCEIRA AINDA NÃO INSTAUROU O CUMPRIMENTO DE SENTENÇA ",Encerrado,Normal,ENCERRADO,,JVA / GM,MATHEUS,,,,1003719-54.2025.8.26.0597,TJSP,,2026-01-15 15:47:59+00,Definitivo,2026-08-26 19:10:12.481+00,false,true,BAIXA DEFINITIVA,false,,,2026-08-03 11:49:08.818+00,MjAyNi0wMS0xNVQxNTo0Nzo1OS4wMDBa,false,,2026-08-26 19:10:12.481+00,2026-08-26 19:10:12.481+00,false,2025-10-16T00:00:00.000Z,Trânsito em julgado,https://www.dje.tjsp.jus.br,1,90,true,true,,,,,,,,,BRASILEIRA,,,,,,af1b75ea-cb64-4ebc-b4ad-ce1ce1fc01c5,af1b75ea-cb64-4ebc-b4ad-ce1ce1fc01c5,false,,false,2026-08-26 19:10:13.251+00,{},,false,,false,,2026-09-01 19:43:41.632538+00
208148,2026-07-27 19:52:29.547373+00,"{""id"": ""208148"", ""risco"": ""Normal"", ""status"": ""Encerrado"", ""cliente"": ""DANILO DE ALMEIDA CAMARGO"", ""advogado"": ""MATHEUS"", ""situacao"": ""ENCERRADO"", ""telefone"": """", ""tribunal"": ""TJSP"", ""protocolo"": ""1001981-18.2025.8.26.0666"", ""created_by"": ""d269f309-a461-4f01-b894-d3a7b54a4b7c"", ""djen_count"": 4, ""escritorio"": ""JVA / GM"", ""observacao"": ""DOCUMENTAÇÃO | JG INDEFERIDA / PROCESSO EXTINTO SEM RESOLUÇÃO DO MÉRITO/ CANCELADO A DISTRIBUIÇÃO"", ""auditado_em"": null, ""evento_tipo"": ""transito_ou_baixa"", ""atendido_por"": ""af1b75ea-cb64-4ebc-b4ad-ce1ce1fc01c5"", ""auditado_por"": ""af1b75ea-cb64-4ebc-b4ad-ce1ce1fc01c5"", ""datajud_hash"": ""EMPTY"", ""diasFaltando"": null, ""evento_fonte"": null, ""linkConsulta"": ""https://www.google.com/search?q=consulta+processo+TJSP+1001981-18.2025.8.26.0666"", ""proximoPrazo"": """", ""statusManual"": ""Encerrado"", ""evento_resumo"": ""CANCELAMENTO DA DISTRIBUIÇÃO"", ""nacionalidade"": ""BRASILEIRA"", ""ultimoRetorno"": ""2026-09-01"", ""djen_ultima_data"": ""2026-05-12T00:00:00.000Z"", ""djen_ultimo_link"": ""https://www.dje.tjsp.jus.br"", ""djen_consultado_em"": ""2026-08-26T19:04:14.766Z"", ""djen_ultimo_resumo"": ""Trânsito em julgado"", ""tem_novo_andamento"": false, ""datajud_ultimo_nome"": ""Publicação"", ""datajud_consultado_em"": ""2026-08-26T19:04:14.766+00:00"", ""djen_nova_comunicacao"": false, ""busca_apreensao_motivo"": null, ""em_cumprimento_sentenca"": false, ""indicio_busca_apreensao"": false, ""datajud_encerrado_motivo"": ""CANCELAMENTO DA DISTRIBUIÇÃO"", ""datajud_ultimo_movimento"": ""2026-05-12T08:20:28+00:00"", ""busca_apreensao_confianca"": null, ""datajud_encerrado_tribunal"": true, ""cumprimento_sentenca_motivo"": null, ""tem_atualizacao_pos_retorno"": false, ""busca_apreensao_consultado_em"": ""2026-08-03T11:47:30.77+00:00"", ""cumprimento_sentenca_consultado_em"": ""2026-08-26T19:04:14.766+00:00""}",d37fd4bb-1c71-4dca-b97e-292355918d39,d269f309-a461-4f01-b894-d3a7b54a4b7c,2026-09-01,,DOCUMENTAÇÃO | JG INDEFERIDA / PROCESSO EXTINTO SEM RESOLUÇÃO DO MÉRITO/ CANCELADO A DISTRIBUIÇÃO,Encerrado,Normal,ENCERRADO,,JVA / GM,MATHEUS,,,,1001981-18.2025.8.26.0666,TJSP,,2026-05-12 08:20:28+00,Publicação,2026-08-26 19:04:14.766+00,false,true,CANCELAMENTO DA DISTRIBUIÇÃO,false,,,2026-08-03 11:47:30.77+00,EMPTY,false,,2026-08-26 19:04:14.766+00,2026-08-26 19:04:14.766+00,false,2026-05-12T00:00:00.000Z,Trânsito em julgado,https://www.dje.tjsp.jus.br,4,90,true,true,,,,,,,,,BRASILEIRA,,,,,,af1b75ea-cb64-4ebc-b4ad-ce1ce1fc01c5,af1b75ea-cb64-4ebc-b4ad-ce1ce1fc01c5,false,,false,2026-08-26 19:04:15.054+00,{},,false,,false,,2026-09-01 19:43:41.853321+00
208149,2026-07-27 19:52:29.547373+00,"{""id"": ""208149"", ""risco"": ""Normal"", ""status"": ""Encerrado"", ""cliente"": ""DANILO GOMES ROSARIO"", ""advogado"": ""ERALDO / MATHEUS"", ""situacao"": ""ENCERRADO"", ""telefone"": ""96991087367"", ""tribunal"": ""TJAP"", ""protocolo"": ""6065367-65.2024.8.03.0001"", ""created_by"": ""e72a59fd-d85f-4b4d-bbe1-1966249a14cf"", ""djen_count"": 8, ""escritorio"": ""JVA / GM"", ""observacao"": ""CUMPRIMENTO DE SENTENÇA"", ""auditado_em"": null, ""evento_tipo"": ""transito_ou_baixa"", ""atendido_por"": ""d730da06-030a-4921-bdb4-96b335a21d58"", ""auditado_por"": null, ""datajud_hash"": ""MjAyNS0xMi0xNlQxMTowNToxNS4wMDBa"", ""diasFaltando"": null, ""evento_fonte"": null, ""linkConsulta"": ""https://www.google.com/search?q=consulta+processo+TJAP+6065367-65.2024.8.03.0001"", ""proximoPrazo"": """", ""statusManual"": ""Encerrado"", ""evento_resumo"": ""BAIXA DEFINITIVA"", ""nacionalidade"": ""BRASILEIRA"", ""ultimoRetorno"": ""2026-09-01"", ""djen_ultima_data"": ""2026-08-25T00:00:00.000Z"", ""djen_ultimo_link"": ""https://pje.tjap.jus.br:443/1g/Processo/ConsultaDocumento/listView.seam?x=26082414260713900000029378580"", ""djen_consultado_em"": ""2026-08-26T15:54:19.019Z"", ""djen_ultimo_resumo"": ""Sentença / decisão de mérito"", ""tem_novo_andamento"": false, ""datajud_ultimo_nome"": ""Remessa"", ""datajud_consultado_em"": ""2026-08-26T15:54:19.019+00:00"", ""djen_nova_comunicacao"": false, ""busca_apreensao_motivo"": null, ""em_cumprimento_sentenca"": true, ""indicio_busca_apreensao"": false, ""datajud_encerrado_motivo"": ""BAIXA DEFINITIVA"", ""datajud_ultimo_movimento"": ""2025-12-16T11:05:15+00:00"", ""busca_apreensao_confianca"": null, ""datajud_encerrado_tribunal"": true, ""cumprimento_sentenca_motivo"": null, ""tem_atualizacao_pos_retorno"": false, ""busca_apreensao_consultado_em"": ""2026-08-03T03:56:30.777+00:00"", ""cumprimento_sentenca_consultado_em"": ""2026-08-26T15:54:19.019+00:00""}",d37fd4bb-1c71-4dca-b97e-292355918d39,e72a59fd-d85f-4b4d-bbe1-1966249a14cf,2026-09-01,,CUMPRIMENTO DE SENTENÇA,Encerrado,Normal,ENCERRADO,,JVA / GM,ERALDO / MATHEUS,,,96991087367,6065367-65.2024.8.03.0001,TJAP,,2025-12-16 11:05:15+00,Remessa,2026-08-26 15:54:19.019+00,false,true,BAIXA DEFINITIVA,false,,,2026-08-03 03:56:30.777+00,MjAyNS0xMi0xNlQxMTowNToxNS4wMDBa,true,,2026-08-26 15:54:19.019+00,2026-08-26 15:54:19.019+00,false,2026-08-25T00:00:00.000Z,Sentença / decisão de mérito,https://pje.tjap.jus.br:443/1g/Processo/ConsultaDocumento/listView.seam?x=26082414260713900000029378580,8,90,true,true,,,,,,,,,BRASILEIRA,,,,,,,d730da06-030a-4921-bdb4-96b335a21d58,false,,false,2025-12-16 00:01:37+00,{},,false,,false,,2026-09-01 19:43:41.386398+00
208150,2026-07-27 19:52:29.547373+00,"{""id"": ""208150"", ""risco"": ""Normal"", ""status"": ""No Prazo"", ""cliente"": ""DANILO SILVA DOS SANTOS"", ""advogado"": ""MAIKON"", ""situacao"": ""EM ANDAMENTO"", ""telefone"": """", ""tribunal"": ""TJMG"", ""protocolo"": ""5000628-05.2025.8.13.0481"", ""created_by"": ""4581d2fe-c358-45f9-a1bd-f90f93dce0fc"", ""djen_count"": 3, ""escritorio"": ""JVA / GM"", ""observacao"": ""JG CONCEDIDA / LIMINAR CONCEDIDA / 6 DEPÓSITOS JUDICIAIS / CARTA DE QUITAÇÃO NO DRIVE / JUNTADA DA PROCURAÇÃO E DA CARTA DE QUITAÇÃO Conforme o treinamento da Mediari podemos solicitar o valor do depósito judicial a qualquer momento da ação, segundo a analise do Rafael os pedidos poderiam ser mais amplos solicitando restituição em dobro entre outros, pois as porcentagens estão maior do que o permitido pelo Bacen."", ""auditado_em"": ""2026-08-13"", ""evento_tipo"": ""rotina"", ""atendido_por"": ""4581d2fe-c358-45f9-a1bd-f90f93dce0fc"", ""auditado_por"": ""e72a59fd-d85f-4b4d-bbe1-1966249a14cf"", ""datajud_hash"": ""MjAyNi0wNS0xMlQxMTo0OTozNC4wMDBa"", ""diasFaltando"": 20, ""evento_fonte"": null, ""linkConsulta"": ""https://www.google.com/search?q=consulta+processo+TJMG+5000628-05.2025.8.13.0481"", ""proximoPrazo"": ""2026-09-21"", ""statusManual"": ""Automatico"", ""evento_resumo"": null, ""nacionalidade"": ""BRASILEIRA"", ""ultimoRetorno"": ""2026-08-31"", ""djen_ultima_data"": ""2026-04-10T00:00:00.000Z"", ""djen_ultimo_link"": ""https://pje.tjmg.jus.br:443/pje/Processo/ConsultaDocumento/listView.seam?x=26040916252440100010656182801"", ""djen_consultado_em"": ""2026-08-05T16:57:47.631Z"", ""djen_ultimo_resumo"": ""PODER JUDICIÁRIO DO ESTADO DE MINAS GERAIS Justiça de Primeira Instância Comarca de Patrocínio / 2ª Vara Cível da Comarc…"", ""tem_novo_andamento"": false, ""datajud_ultimo_nome"": ""Expedição de documento"", ""datajud_consultado_em"": ""2026-08-05T16:57:47.52+00:00"", ""djen_nova_comunicacao"": false, ""busca_apreensao_motivo"": null, ""em_cumprimento_sentenca"": false, ""indicio_busca_apreensao"": false, ""datajud_encerrado_motivo"": null, ""datajud_ultimo_movimento"": ""2026-05-12T11:49:34+00:00"", ""busca_apreensao_confianca"": null, ""datajud_encerrado_tribunal"": false, ""cumprimento_sentenca_motivo"": null, ""tem_atualizacao_pos_retorno"": false, ""busca_apreensao_consultado_em"": ""2026-08-03T03:54:29.209+00:00"", ""cumprimento_sentenca_consultado_em"": ""2026-08-05T16:57:47.52+00:00""}",d37fd4bb-1c71-4dca-b97e-292355918d39,4581d2fe-c358-45f9-a1bd-f90f93dce0fc,2026-08-31,2026-09-21,"JG CONCEDIDA / LIMINAR CONCEDIDA / 6 DEPÓSITOS JUDICIAIS / CARTA DE QUITAÇÃO NO DRIVE / JUNTADA DA PROCURAÇÃO E DA CARTA DE QUITAÇÃO Conforme o treinamento da Mediari podemos solicitar o valor do depósito judicial a qualquer momento da ação, segundo a analise do Rafael os pedidos poderiam ser mais amplos solicitando restituição em dobro entre outros, pois as porcentagens estão maior do que o permitido pelo Bacen.",No Prazo,Normal,EM ANDAMENTO,,JVA / GM,MAIKON,,,,5000628-05.2025.8.13.0481,TJMG,,2026-05-12 11:49:34+00,Expedição de documento,2026-08-05 16:57:47.52+00,false,false,,false,,,2026-08-03 03:54:29.209+00,MjAyNi0wNS0xMlQxMTo0OTozNC4wMDBa,false,,2026-08-05 16:57:47.52+00,2026-08-05 16:57:47.631+00,false,2026-04-10T00:00:00.000Z,PODER JUDICIÁRIO DO ESTADO DE MINAS GERAIS Justiça de Primeira Instância Comarca de Patrocínio / 2ª Vara Cível da Comarc…,https://pje.tjmg.jus.br:443/pje/Processo/ConsultaDocumento/listView.seam?x=26040916252440100010656182801,3,40,true,true,,,,,,,,,BRASILEIRA,,,,,2026-08-13,e72a59fd-d85f-4b4d-bbe1-1966249a14cf,4581d2fe-c358-45f9-a1bd-f90f93dce0fc,false,,false,,{},,false,,false,,2026-09-01 19:43:42.777181+00
208151,2026-07-27 19:52:29.547373+00,"{""id"": ""208151"", ""risco"": ""Normal"", ""status"": ""Encerrado"", ""cliente"": ""DAVID DE ARAÚJO SOUSA - CARRO"", ""advogado"": ""MATHEUS"", ""situacao"": ""ENCERRADO"", ""telefone"": """", ""tribunal"": ""TJSP"", ""protocolo"": ""1000906-11.2024.8.26.0655"", ""created_by"": ""d730da06-030a-4921-bdb4-96b335a21d58"", ""djen_count"": 3, ""escritorio"": ""JVA / GM"", ""observacao"": ""MLE JUNTADO / CONTA DO CLIENTE / R$1.341,97"", ""auditado_em"": null, ""evento_tipo"": ""transito_ou_baixa"", ""atendido_por"": ""af1b75ea-cb64-4ebc-b4ad-ce1ce1fc01c5"", ""auditado_por"": ""af1b75ea-cb64-4ebc-b4ad-ce1ce1fc01c5"", ""datajud_hash"": ""MjAyNS0wNC0xMlQxNzowMTozMS4wMDBa"", ""diasFaltando"": null, ""evento_fonte"": null, ""linkConsulta"": ""https://www.google.com/search?q=consulta+processo+TJSP+1000906-11.2024.8.26.0655"", ""proximoPrazo"": """", ""statusManual"": ""Encerrado"", ""evento_resumo"": ""BAIXA DEFINITIVA"", ""nacionalidade"": ""BRASILEIRA"", ""ultimoRetorno"": ""2026-09-01"", ""djen_ultima_data"": ""2026-06-10T00:00:00.000Z"", ""djen_ultimo_link"": ""https://www.dje.tjsp.jus.br"", ""djen_consultado_em"": ""2026-08-26T18:49:44.405Z"", ""djen_ultimo_resumo"": ""Processo 1000906-11.2024.8.26.0655 - Procedimento Comum Cível - Práticas Abusivas - David de Araújo Sousa - SANTANDER SO…"", ""tem_novo_andamento"": false, ""datajud_ultimo_nome"": ""Expedição de documento"", ""datajud_consultado_em"": ""2026-08-26T18:49:44.405+00:00"", ""djen_nova_comunicacao"": false, ""busca_apreensao_motivo"": null, ""em_cumprimento_sentenca"": false, ""indicio_busca_apreensao"": false, ""datajud_encerrado_motivo"": ""BAIXA DEFINITIVA"", ""datajud_ultimo_movimento"": ""2025-04-12T17:01:31+00:00"", ""busca_apreensao_confianca"": null, ""datajud_encerrado_tribunal"": true, ""cumprimento_sentenca_motivo"": null, ""tem_atualizacao_pos_retorno"": false, ""busca_apreensao_consultado_em"": ""2026-08-03T11:49:51.657+00:00"", ""cumprimento_sentenca_consultado_em"": ""2026-08-26T18:49:44.405+00:00""}",d37fd4bb-1c71-4dca-b97e-292355918d39,d730da06-030a-4921-bdb4-96b335a21d58,2026-09-01,,"MLE JUNTADO / CONTA DO CLIENTE / R$1.341,97",Encerrado,Normal,ENCERRADO,,JVA / GM,MATHEUS,,,,1000906-11.2024.8.26.0655,TJSP,,2025-04-12 17:01:31+00,Expedição de documento,2026-08-26 18:49:44.405+00,false,true,BAIXA DEFINITIVA,false,,,2026-08-03 11:49:51.657+00,MjAyNS0wNC0xMlQxNzowMTozMS4wMDBa,false,,2026-08-26 18:49:44.405+00,2026-08-26 18:49:44.405+00,false,2026-06-10T00:00:00.000Z,Processo 1000906-11.2024.8.26.0655 - Procedimento Comum Cível - Práticas Abusivas - David de Araújo Sousa - SANTANDER SO…,https://www.dje.tjsp.jus.br,3,90,true,true,,,,,,,,,BRASILEIRA,,,,,,af1b75ea-cb64-4ebc-b4ad-ce1ce1fc01c5,af1b75ea-cb64-4ebc-b4ad-ce1ce1fc01c5,false,,false,,{},,false,,false,,2026-09-01 19:43:41.632538+00
208152,2026-07-27 19:52:29.547373+00,"{""id"": ""208152"", ""risco"": ""Normal"", ""status"": ""Encerrado"", ""cliente"": ""DENNISSON BRUNO DE ALCANTARA"", ""advogado"": ""ANDRESSA"", ""situacao"": ""ENCERRADO"", ""telefone"": """", ""tribunal"": ""TJSP"", ""protocolo"": ""4016652-13.2026.8.26.0002"", ""created_by"": ""d269f309-a461-4f01-b894-d3a7b54a4b7c"", ""djen_count"": 3, ""escritorio"": ""JVA / GM"", ""observacao"": ""JG INDEFERIDA | BAIXA DO PROCESSO"", ""auditado_em"": null, ""evento_tipo"": ""transito_ou_baixa"", ""atendido_por"": ""af1b75ea-cb64-4ebc-b4ad-ce1ce1fc01c5"", ""auditado_por"": ""af1b75ea-cb64-4ebc-b4ad-ce1ce1fc01c5"", ""datajud_hash"": null, ""diasFaltando"": null, ""evento_fonte"": null, ""linkConsulta"": ""https://www.google.com/search?q=consulta+processo+TJSP+4016652-13.2026.8.26.0002"", ""proximoPrazo"": """", ""statusManual"": ""Encerrado"", ""evento_resumo"": ""BAIXA DEFINITIVA"", ""nacionalidade"": ""BRASILEIRA"", ""ultimoRetorno"": ""2026-09-01"", ""djen_ultima_data"": ""2026-04-13T00:00:00.000Z"", ""djen_ultimo_link"": ""https://eproc1g.tjsp.jus.br/eproc/externo_controlador.php?acao=consulta_publica_documento&numProcesso=40166521320268260002&idDocumento=611775837132959611111277907304&hash=c57dc6e0827bc519deca51b72d4a40664a1dc178ebbda82da42e222b2b119161"", ""djen_consultado_em"": ""2026-08-26T20:29:42.234Z"", ""djen_ultimo_resumo"": ""Extinção / cancelamento da distribuição"", ""tem_novo_andamento"": false, ""datajud_ultimo_nome"": ""Baixa Definitiva"", ""datajud_consultado_em"": ""2026-08-26T20:29:42.234+00:00"", ""djen_nova_comunicacao"": false, ""busca_apreensao_motivo"": null, ""em_cumprimento_sentenca"": false, ""indicio_busca_apreensao"": false, ""datajud_encerrado_motivo"": ""BAIXA DEFINITIVA"", ""datajud_ultimo_movimento"": ""2026-05-11T12:47:18+00:00"", ""busca_apreensao_confianca"": null, ""datajud_encerrado_tribunal"": true, ""cumprimento_sentenca_motivo"": null, ""tem_atualizacao_pos_retorno"": false, ""busca_apreensao_consultado_em"": null, ""cumprimento_sentenca_consultado_em"": ""2026-08-26T20:29:42.234+00:00""}",d37fd4bb-1c71-4dca-b97e-292355918d39,d269f309-a461-4f01-b894-d3a7b54a4b7c,2026-09-01,,JG INDEFERIDA | BAIXA DO PROCESSO,Encerrado,Normal,ENCERRADO,,JVA / GM,ANDRESSA,,,,4016652-13.2026.8.26.0002,TJSP,,2026-05-11 12:47:18+00,Baixa Definitiva,2026-08-26 20:29:42.234+00,false,true,BAIXA DEFINITIVA,false,,,,,false,,2026-08-26 20:29:42.234+00,2026-08-26 20:29:42.234+00,false,2026-04-13T00:00:00.000Z,Extinção / cancelamento da distribuição,https://eproc1g.tjsp.jus.br/eproc/externo_controlador.php?acao=consulta_publica_documento&numProcesso=40166521320268260002&idDocumento=611775837132959611111277907304&hash=c57dc6e0827bc519deca51b72d4a40664a1dc178ebbda82da42e222b2b119161,3,90,,,,,,,,,,,BRASILEIRA,,,,,,af1b75ea-cb64-4ebc-b4ad-ce1ce1fc01c5,af1b75ea-cb64-4ebc-b4ad-ce1ce1fc01c5,false,,false,2026-05-11 12:46:02+00,{},,false,,false,,2026-09-01 19:43:42.112776+00
208153,2026-07-27 19:52:29.547373+00,"{""id"": ""208153"", ""risco"": ""Normal"", ""status"": ""Encerrado"", ""cliente"": ""DIEGO CESAR SANT ANNA GIMENEZ"", ""advogado"": ""ISAI / ERALDO / MATHEUS"", ""situacao"": ""ENCERRADO"", ""telefone"": """", ""tribunal"": ""TJSP"", ""edited_at"": ""2026-09-02T11:52:43.426Z"", ""edited_by"": ""af1b75ea-cb64-4ebc-b4ad-ce1ce1fc01c5"", ""protocolo"": ""1006617-66.2023.8.26.0126"", ""created_by"": ""e72a59fd-d85f-4b4d-bbe1-1966249a14cf"", ""djen_count"": 0, ""escritorio"": ""HUGS"", ""observacao"": ""ACOMPANHAR CUMPRIMENTO DE SENTENÇA / PETICIONADO PROVOCANDO A SERVENTIA"", ""atendido_em"": ""2026-09-02T11:52:43.099Z"", ""auditado_em"": ""2026-09-02"", ""evento_tipo"": ""transito_ou_baixa"", ""atendido_por"": ""af1b75ea-cb64-4ebc-b4ad-ce1ce1fc01c5"", ""auditado_por"": ""af1b75ea-cb64-4ebc-b4ad-ce1ce1fc01c5"", ""datajud_hash"": ""MjAyNC0xMS0yOFQxNjo1NTowMy4wMDBa"", ""diasFaltando"": null, ""evento_fonte"": null, ""linkConsulta"": ""https://www.google.com/search?q=consulta+processo+TJSP+1006617-66.2023.8.26.0126"", ""proximoPrazo"": """", ""statusManual"": ""Encerrado"", ""evento_resumo"": ""Sentença improcedente"", ""nacionalidade"": ""BRASILEIRA"", ""ultimoRetorno"": ""2026-09-02"", ""edited_by_name"": ""SISTEMA INTERNO"", ""ultimo_retorno"": ""2026-09-02"", ""djen_ultima_data"": null, ""djen_ultimo_link"": ""https://comunica.pje.jus.br/#/consulta?numeroProcesso=1006617-66.2023.8.26.0126"", ""djen_consultado_em"": ""2026-08-26T19:15:37.552Z"", ""djen_ultimo_resumo"": null, ""tem_novo_andamento"": false, ""datajud_ultimo_nome"": ""Remessa"", ""datajud_consultado_em"": ""2026-08-26T19:15:37.552+00:00"", ""djen_nova_comunicacao"": false, ""busca_apreensao_motivo"": null, ""em_cumprimento_sentenca"": false, ""indicio_busca_apreensao"": false, ""datajud_encerrado_motivo"": null, ""datajud_ultimo_movimento"": ""2024-11-28T16:55:03+00:00"", ""busca_apreensao_confianca"": null, ""datajud_encerrado_tribunal"": true, ""cumprimento_sentenca_motivo"": null, ""tem_atualizacao_pos_retorno"": false, ""busca_apreensao_consultado_em"": ""2026-08-03T03:56:54.01+00:00"", ""cumprimento_sentenca_consultado_em"": ""2026-08-26T19:15:37.552+00:00""}",d37fd4bb-1c71-4dca-b97e-292355918d39,e72a59fd-d85f-4b4d-bbe1-1966249a14cf,2026-09-02,,ACOMPANHAR CUMPRIMENTO DE SENTENÇA / PETICIONADO PROVOCANDO A SERVENTIA,Encerrado,Normal,ENCERRADO,,HUGS,ISAI / ERALDO / MATHEUS,,,,1006617-66.2023.8.26.0126,TJSP,,2024-11-28 16:55:03+00,Remessa,2026-08-26 19:15:37.552+00,false,true,,false,,,2026-08-03 03:56:54.01+00,MjAyNC0xMS0yOFQxNjo1NTowMy4wMDBa,false,,2026-08-26 19:15:37.552+00,2026-08-26 19:15:37.552+00,false,,,https://comunica.pje.jus.br/#/consulta?numeroProcesso=1006617-66.2023.8.26.0126,0,90,true,true,,,,,,,,,BRASILEIRA,,,,,,af1b75ea-cb64-4ebc-b4ad-ce1ce1fc01c5,d730da06-030a-4921-bdb4-96b335a21d58,false,,false,,{},,false,,false,,2026-09-02 11:52:43.833384+00
208154,2026-07-27 19:52:29.547373+00,"{""id"": ""208154"", ""risco"": ""Crítico"", ""status"": ""Vencido"", ""cliente"": ""DIÓGENES GABRIEL DE SOUZA - ONIX"", ""advogado"": ""ERALDO / MATHEUS"", ""situacao"": ""EM ANDAMENTO"", ""telefone"": """", ""tribunal"": ""TJSP"", ""protocolo"": ""1049003-11.2023.8.26.0224"", ""created_by"": ""4581d2fe-c358-45f9-a1bd-f90f93dce0fc"", ""djen_count"": 2, ""escritorio"": ""HUGS"", ""observacao"": ""JG CONCEDIDA/ IMPROCEDENTE/ PROCEDENTE / TRANSITOU EM JULGADO 18/09/2025/ CUMPRIMENTO DE SENTENÇA 21/05/2026"", ""auditado_em"": null, ""evento_tipo"": ""rotina"", ""atendido_por"": ""4581d2fe-c358-45f9-a1bd-f90f93dce0fc"", ""auditado_por"": null, ""datajud_hash"": ""MjAyNS0wMS0xM1QxNzo0MTo1OS4wMDBa"", ""diasFaltando"": -46, ""evento_fonte"": null, ""linkConsulta"": ""https://www.google.com/search?q=consulta+processo+TJSP+1049003-11.2023.8.26.0224"", ""proximoPrazo"": ""2026-07-17"", ""statusManual"": ""Automatico"", ""evento_resumo"": null, ""nacionalidade"": ""BRASILEIRA"", ""ultimoRetorno"": ""2026-07-03"", ""djen_ultima_data"": ""2025-09-29T00:00:00.000Z"", ""djen_ultimo_link"": ""https://www.dje.tjsp.jus.br"", ""djen_consultado_em"": ""2026-08-26T16:19:52.771Z"", ""djen_ultimo_resumo"": ""Sentença / decisão de mérito"", ""tem_novo_andamento"": false, ""datajud_ultimo_nome"": ""Petição"", ""datajud_consultado_em"": ""2026-08-26T16:19:52.77+00:00"", ""djen_nova_comunicacao"": false, ""busca_apreensao_motivo"": null, ""em_cumprimento_sentenca"": true, ""indicio_busca_apreensao"": false, ""datajud_encerrado_motivo"": null, ""datajud_ultimo_movimento"": ""2025-01-13T17:41:59+00:00"", ""busca_apreensao_confianca"": null, ""datajud_encerrado_tribunal"": false, ""cumprimento_sentenca_motivo"": null, ""tem_atualizacao_pos_retorno"": false, ""busca_apreensao_consultado_em"": ""2026-08-03T03:46:01.376+00:00"", ""cumprimento_sentenca_consultado_em"": ""2026-08-26T16:19:52.77+00:00""}",d37fd4bb-1c71-4dca-b97e-292355918d39,4581d2fe-c358-45f9-a1bd-f90f93dce0fc,2026-07-03,2026-07-17,JG CONCEDIDA/ IMPROCEDENTE/ PROCEDENTE / TRANSITOU EM JULGADO 18/09/2025/ CUMPRIMENTO DE SENTENÇA 21/05/2026,Vencido,Crítico,EM ANDAMENTO,,HUGS,ERALDO / MATHEUS,,,,1049003-11.2023.8.26.0224,TJSP,,2025-01-13 17:41:59+00,Petição,2026-08-26 16:19:52.77+00,false,false,,false,,,2026-08-03 03:46:01.376+00,MjAyNS0wMS0xM1QxNzo0MTo1OS4wMDBa,true,,2026-08-26 16:19:52.77+00,2026-08-26 16:19:52.771+00,false,2025-09-29T00:00:00.000Z,Sentença / decisão de mérito,https://www.dje.tjsp.jus.br,2,70,true,true,,,,,,,,,BRASILEIRA,,,,,,,4581d2fe-c358-45f9-a1bd-f90f93dce0fc,false,,false,,{},,false,,false,,2026-09-01 19:43:41.632538+00
208155,2026-07-27 19:52:29.547373+00,"{""id"": ""208155"", ""risco"": ""Normal"", ""status"": ""No Prazo"", ""cliente"": ""MARIO VIRGULINO REINKE"", ""advogado"": ""MATHEUS"", ""situacao"": ""EM ANDAMENTO"", ""telefone"": """", ""tribunal"": ""TJSP"", ""protocolo"": ""1000446-28.2025.8.26.0222"", ""created_by"": ""d730da06-030a-4921-bdb4-96b335a21d58"", ""djen_count"": 4, ""escritorio"": ""JVA / GM"", ""observacao"": ""AGUARDANDO DECISÃO"", ""auditado_em"": ""2026-08-27"", ""evento_tipo"": ""novo_andamento_relevante"", ""atendido_por"": ""af1b75ea-cb64-4ebc-b4ad-ce1ce1fc01c5"", ""auditado_por"": ""af1b75ea-cb64-4ebc-b4ad-ce1ce1fc01c5"", ""datajud_hash"": ""EMPTY"", ""diasFaltando"": 13, ""evento_fonte"": null, ""linkConsulta"": ""https://www.google.com/search?q=consulta+processo+TJSP+1000446-28.2025.8.26.0222"", ""proximoPrazo"": ""2026-09-14"", ""statusManual"": ""Automatico"", ""evento_resumo"": ""Justiça gratuita (AJG)"", ""nacionalidade"": ""BRASILEIRA"", ""ultimoRetorno"": ""2026-08-27"", ""djen_ultima_data"": ""2026-08-17T00:00:00.000Z"", ""djen_ultimo_link"": ""https://www.dje.tjsp.jus.br"", ""djen_consultado_em"": ""2026-08-26T01:31:33.671Z"", ""djen_ultimo_resumo"": ""Sentença / decisão de mérito"", ""tem_novo_andamento"": false, ""datajud_ultimo_nome"": null, ""datajud_consultado_em"": ""2026-08-26T01:31:33.671+00:00"", ""djen_nova_comunicacao"": false, ""busca_apreensao_motivo"": null, ""em_cumprimento_sentenca"": false, ""indicio_busca_apreensao"": false, ""datajud_encerrado_motivo"": null, ""datajud_ultimo_movimento"": null, ""busca_apreensao_confianca"": null, ""datajud_encerrado_tribunal"": false, ""cumprimento_sentenca_motivo"": null, ""tem_atualizacao_pos_retorno"": false, ""busca_apreensao_consultado_em"": ""2026-08-03T03:43:44.134+00:00"", ""cumprimento_sentenca_consultado_em"": ""2026-08-26T01:31:33.671+00:00""}",d37fd4bb-1c71-4dca-b97e-292355918d39,d730da06-030a-4921-bdb4-96b335a21d58,2026-08-27,2026-09-14,AGUARDANDO DECISÃO,No Prazo,Normal,EM ANDAMENTO,,JVA / GM,MATHEUS,,,,1000446-28.2025.8.26.0222,TJSP,,,,2026-08-26 01:31:33.671+00,false,false,,false,,,2026-08-03 03:43:44.134+00,EMPTY,false,,2026-08-26 01:31:33.671+00,2026-08-26 01:31:33.671+00,false,2026-08-17T00:00:00.000Z,Sentença / decisão de mérito,https://www.dje.tjsp.jus.br,4,40,true,true,,,,,,,,,BRASILEIRA,,,,,,af1b75ea-cb64-4ebc-b4ad-ce1ce1fc01c5,af1b75ea-cb64-4ebc-b4ad-ce1ce1fc01c5,false,,false,,{},,false,,false,,2026-09-01 19:43:42.112776+00
208156,2026-07-27 19:52:29.547373+00,"{""id"": ""208156"", ""risco"": ""Normal"", ""status"": ""Atenção"", ""cliente"": ""DJALMA MOREIRA DE MEIRELES"", ""advogado"": ""MATHEUS"", ""situacao"": ""EM ANDAMENTO"", ""telefone"": ""19999852214"", ""tribunal"": ""TJSP"", ""protocolo"": ""1014786-03.2024.8.26.0451"", ""created_by"": ""d269f309-a461-4f01-b894-d3a7b54a4b7c"", ""djen_count"": 3, ""escritorio"": ""JVA / GM"", ""observacao"": ""PARCIALMENTE PROCEDENTE / CUMPRIMENTO DE SENTENÇA "", ""auditado_em"": ""2026-08-18"", ""evento_tipo"": ""cumprimento_sentenca"", ""atendido_por"": ""e72a59fd-d85f-4b4d-bbe1-1966249a14cf"", ""auditado_por"": ""d730da06-030a-4921-bdb4-96b335a21d58"", ""datajud_hash"": ""MjAyNi0wNS0yMFQxMDo1MDo1Ny4wMDBa"", ""diasFaltando"": 1, ""evento_fonte"": null, ""linkConsulta"": ""https://www.google.com/search?q=consulta+processo+TJSP+1014786-03.2024.8.26.0451"", ""proximoPrazo"": ""2026-09-02"", ""statusManual"": ""Automatico"", ""evento_resumo"": ""CUMPRIMENTO DE SENTENÇA"", ""nacionalidade"": ""BRASILEIRA"", ""ultimoRetorno"": ""2026-08-18"", ""djen_ultima_data"": ""2026-03-06T00:00:00.000Z"", ""djen_ultimo_link"": ""https://www.dje.tjsp.jus.br"", ""djen_consultado_em"": ""2026-08-26T16:04:22.901Z"", ""djen_ultimo_resumo"": ""Intimação / ciência"", ""tem_novo_andamento"": false, ""datajud_ultimo_nome"": ""Provisório"", ""datajud_consultado_em"": ""2026-08-26T16:04:22.901+00:00"", ""djen_nova_comunicacao"": false, ""busca_apreensao_motivo"": null, ""em_cumprimento_sentenca"": true, ""indicio_busca_apreensao"": false, ""datajud_encerrado_motivo"": null, ""datajud_ultimo_movimento"": ""2026-05-20T10:50:57+00:00"", ""busca_apreensao_confianca"": null, ""datajud_encerrado_tribunal"": false, ""cumprimento_sentenca_motivo"": ""CUMPRIMENTO DE SENTENÇA"", ""tem_atualizacao_pos_retorno"": false, ""busca_apreensao_consultado_em"": ""2026-08-03T03:40:41.417+00:00"", ""cumprimento_sentenca_consultado_em"": ""2026-08-26T16:04:22.901+00:00""}",d37fd4bb-1c71-4dca-b97e-292355918d39,d269f309-a461-4f01-b894-d3a7b54a4b7c,2026-08-18,2026-09-02,"PARCIALMENTE PROCEDENTE / CUMPRIMENTO DE SENTENÇA ",Atenção,Normal,EM ANDAMENTO,,JVA / GM,MATHEUS,,,19999852214,1014786-03.2024.8.26.0451,TJSP,,2026-05-20 10:50:57+00,Provisório,2026-08-26 16:04:22.901+00,false,false,,false,,,2026-08-03 03:40:41.417+00,MjAyNi0wNS0yMFQxMDo1MDo1Ny4wMDBa,true,CUMPRIMENTO DE SENTENÇA,2026-08-26 16:04:22.901+00,2026-08-26 16:04:22.901+00,false,2026-03-06T00:00:00.000Z,Intimação / ciência,https://www.dje.tjsp.jus.br,3,70,true,true,,,,,,,,,BRASILEIRA,,,,,,,e72a59fd-d85f-4b4d-bbe1-1966249a14cf,false,,false,2026-08-26 16:04:23.225+00,{},,false,,false,,2026-09-01 19:43:42.112776+00
208157,2026-07-27 19:52:29.547373+00,"{""id"": ""208157"", ""risco"": ""Normal"", ""status"": ""No Prazo"", ""cliente"": ""DOUGLAS FERNANDO MOURA"", ""advogado"": ""MATHEUS"", ""situacao"": ""EM ANDAMENTO"", ""telefone"": """", ""tribunal"": ""TJSP"", ""protocolo"": ""1005427-72.2024.8.26.0663"", ""created_by"": ""e72a59fd-d85f-4b4d-bbe1-1966249a14cf"", ""djen_count"": 8, ""escritorio"": ""JVA / GM"", ""observacao"": ""Encaminhei os dados bancários do cliente para a Bruna: Banco: 336 - Banco C6 S.A.\nAgência: 0001\nConta corrente: 2075490-6\nCPF: 387.690.628-89\nNome: DOUGLAS FERNANDO MOURA\nChave Pix: douglastrader.gain@gmail.com"", ""auditado_em"": ""2026-08-21"", ""evento_tipo"": ""novo_andamento_relevante"", ""atendido_por"": ""d730da06-030a-4921-bdb4-96b335a21d58"", ""auditado_por"": ""e72a59fd-d85f-4b4d-bbe1-1966249a14cf"", ""datajud_hash"": ""MjAyNi0wNS0xM1QxNjoxOTo1NC4wMDBa"", ""diasFaltando"": 10, ""evento_fonte"": null, ""linkConsulta"": ""https://www.google.com/search?q=consulta+processo+TJSP+1005427-72.2024.8.26.0663"", ""proximoPrazo"": ""2026-09-11"", ""statusManual"": ""Automatico"", ""evento_resumo"": ""Custas / preparo"", ""nacionalidade"": ""BRASILEIRA"", ""ultimoRetorno"": ""2026-08-21"", ""djen_ultima_data"": ""2026-07-07T00:00:00.000Z"", ""djen_ultimo_link"": ""https://www.dje.tjsp.jus.br"", ""djen_consultado_em"": ""2026-08-26T15:42:31.365Z"", ""djen_ultimo_resumo"": ""Custas / preparo"", ""tem_novo_andamento"": false, ""datajud_ultimo_nome"": ""Petição"", ""datajud_consultado_em"": ""2026-08-26T15:42:31.365+00:00"", ""djen_nova_comunicacao"": false, ""busca_apreensao_motivo"": null, ""em_cumprimento_sentenca"": true, ""indicio_busca_apreensao"": false, ""datajud_encerrado_motivo"": null, ""datajud_ultimo_movimento"": ""2026-05-13T16:19:54+00:00"", ""busca_apreensao_confianca"": null, ""datajud_encerrado_tribunal"": false, ""cumprimento_sentenca_motivo"": ""Procedência em Parte"", ""tem_atualizacao_pos_retorno"": false, ""busca_apreensao_consultado_em"": ""2026-08-03T03:56:34.161+00:00"", ""cumprimento_sentenca_consultado_em"": ""2026-08-26T15:42:31.365+00:00""}",d37fd4bb-1c71-4dca-b97e-292355918d39,e72a59fd-d85f-4b4d-bbe1-1966249a14cf,2026-08-21,2026-09-11,"Encaminhei os dados bancários do cliente para a Bruna: Banco: 336 - Banco C6 S.A.
Agência: 0001
Conta corrente: 2075490-6
CPF: 387.690.628-89
Nome: DOUGLAS FERNANDO MOURA
Chave Pix: douglastrader.gain@gmail.com",No Prazo,Normal,EM ANDAMENTO,,JVA / GM,MATHEUS,,,,1005427-72.2024.8.26.0663,TJSP,,2026-05-13 16:19:54+00,Petição,2026-08-26 15:42:31.365+00,false,false,,false,,,2026-08-03 03:56:34.161+00,MjAyNi0wNS0xM1QxNjoxOTo1NC4wMDBa,true,Procedência em Parte,2026-08-26 15:42:31.365+00,2026-08-26 15:42:31.365+00,false,2026-07-07T00:00:00.000Z,Custas / preparo,https://www.dje.tjsp.jus.br,8,70,true,true,,,,,,,,,BRASILEIRA,,,,,,,d730da06-030a-4921-bdb4-96b335a21d58,false,,false,,{},,false,,false,,2026-09-01 19:43:41.386398+00
208158,2026-07-27 19:52:29.547373+00,"{""id"": ""208158"", ""risco"": ""Normal"", ""status"": ""Encerrado"", ""cliente"": ""DOUGLAS JOÃO FREITAG"", ""advogado"": ""MATHEUS"", ""situacao"": ""ENCERRADO"", ""telefone"": """", ""tribunal"": ""TJSC"", ""protocolo"": ""5029787-86.2023.8.24.0018"", ""created_by"": ""4581d2fe-c358-45f9-a1bd-f90f93dce0fc"", ""djen_count"": 5, ""escritorio"": ""HUGS"", ""observacao"": ""[PRODUTO: QUITAÇÃO] O CLIENTE CONFIRMOU QUE RECEBEU OS VALORES DO DEPÓSITO JUDICIAL R$3.336,31"", ""auditado_em"": null, ""evento_tipo"": ""transito_ou_baixa"", ""atendido_por"": ""af1b75ea-cb64-4ebc-b4ad-ce1ce1fc01c5"", ""auditado_por"": ""af1b75ea-cb64-4ebc-b4ad-ce1ce1fc01c5"", ""datajud_hash"": ""MjAyNi0wNS0xNVQyMTowMTo1My4wMDBa"", ""diasFaltando"": null, ""evento_fonte"": null, ""linkConsulta"": ""https://www.google.com/search?q=consulta+processo+TJSC+5029787-86.2023.8.24.0018"", ""proximoPrazo"": """", ""statusManual"": ""Encerrado"", ""evento_resumo"": ""BAIXA DEFINITIVA"", ""nacionalidade"": ""BRASILEIRA"", ""ultimoRetorno"": ""2026-09-01"", ""djen_ultima_data"": ""2026-04-08T00:00:00.000Z"", ""djen_ultimo_link"": ""https://eproc1g.tjsc.jus.br/eproc/externo_controlador.php?acao=consulta_publica_documento&numProcesso=50297878620238240018&idDocumento=311775581301879377813316209131&hash=696f8706380b7e159df862fbf646a09dfb0fc9fe0e86c104937e19fba76093cb"", ""djen_consultado_em"": ""2026-08-26T20:38:29.237Z"", ""djen_ultimo_resumo"": ""Intimação / ciência"", ""tem_novo_andamento"": false, ""datajud_ultimo_nome"": ""Baixa Definitiva"", ""datajud_consultado_em"": ""2026-08-26T20:38:29.236+00:00"", ""djen_nova_comunicacao"": false, ""busca_apreensao_motivo"": null, ""em_cumprimento_sentenca"": false, ""indicio_busca_apreensao"": false, ""datajud_encerrado_motivo"": ""BAIXA DEFINITIVA"", ""datajud_ultimo_movimento"": ""2026-05-15T21:01:53+00:00"", ""busca_apreensao_confianca"": null, ""datajud_encerrado_tribunal"": true, ""cumprimento_sentenca_motivo"": null, ""tem_atualizacao_pos_retorno"": false, ""busca_apreensao_consultado_em"": ""2026-08-03T09:25:34.662+00:00"", ""cumprimento_sentenca_consultado_em"": ""2026-08-26T20:38:29.236+00:00""}",d37fd4bb-1c71-4dca-b97e-292355918d39,4581d2fe-c358-45f9-a1bd-f90f93dce0fc,2026-09-01,,"[PRODUTO: QUITAÇÃO] O CLIENTE CONFIRMOU QUE RECEBEU OS VALORES DO DEPÓSITO JUDICIAL R$3.336,31",Encerrado,Normal,ENCERRADO,,HUGS,MATHEUS,,,,5029787-86.2023.8.24.0018,TJSC,,2026-05-15 21:01:53+00,Baixa Definitiva,2026-08-26 20:38:29.236+00,false,true,BAIXA DEFINITIVA,false,,,2026-08-03 09:25:34.662+00,MjAyNi0wNS0xNVQyMTowMTo1My4wMDBa,false,,2026-08-26 20:38:29.236+00,2026-08-26 20:38:29.237+00,false,2026-04-08T00:00:00.000Z,Intimação / ciência,https://eproc1g.tjsc.jus.br/eproc/externo_controlador.php?acao=consulta_publica_documento&numProcesso=50297878620238240018&idDocumento=311775581301879377813316209131&hash=696f8706380b7e159df862fbf646a09dfb0fc9fe0e86c104937e19fba76093cb,5,90,true,true,,,,,,,,,BRASILEIRA,,,,,,af1b75ea-cb64-4ebc-b4ad-ce1ce1fc01c5,af1b75ea-cb64-4ebc-b4ad-ce1ce1fc01c5,false,,false,2025-12-16 11:56:34+00,{},,false,,false,,2026-09-01 19:43:42.112776+00
208159,2026-07-27 19:52:29.547373+00,"{""id"": ""208159"", ""risco"": ""Normal"", ""status"": ""No Prazo"", ""cliente"": ""EBERT RONALD LEME"", ""advogado"": ""MAIKON / ANDRESSA"", ""situacao"": ""EM ANDAMENTO"", ""telefone"": """", ""tribunal"": ""TJSP"", ""protocolo"": ""1003224-40.2025.8.26.0296"", ""created_by"": ""d730da06-030a-4921-bdb4-96b335a21d58"", ""djen_count"": 8, ""escritorio"": ""JVA / GM"", ""observacao"": ""AGUARDANDO DECISÃO"", ""auditado_em"": ""2026-08-27"", ""evento_tipo"": ""rotina"", ""atendido_por"": ""d269f309-a461-4f01-b894-d3a7b54a4b7c"", ""auditado_por"": ""d730da06-030a-4921-bdb4-96b335a21d58"", ""datajud_hash"": ""MjAyNi0wNS0yMlQxOToyNzoxNy4wMDBa"", ""diasFaltando"": 13, ""evento_fonte"": null, ""linkConsulta"": ""https://www.google.com/search?q=consulta+processo+TJSP+1003224-40.2025.8.26.0296"", ""proximoPrazo"": ""2026-09-14"", ""statusManual"": ""Automatico"", ""evento_resumo"": null, ""nacionalidade"": ""BRASILEIRA"", ""ultimoRetorno"": ""2026-08-27"", ""djen_ultima_data"": ""2026-07-03T00:00:00.000Z"", ""djen_ultimo_link"": ""https://www.dje.tjsp.jus.br"", ""djen_consultado_em"": ""2026-08-26T01:23:33.453Z"", ""djen_ultimo_resumo"": ""Intimação / ciência"", ""tem_novo_andamento"": false, ""datajud_ultimo_nome"": ""Petição"", ""datajud_consultado_em"": ""2026-08-26T01:23:33.453+00:00"", ""djen_nova_comunicacao"": false, ""busca_apreensao_motivo"": null, ""em_cumprimento_sentenca"": false, ""indicio_busca_apreensao"": false, ""datajud_encerrado_motivo"": null, ""datajud_ultimo_movimento"": ""2026-05-22T19:27:17+00:00"", ""busca_apreensao_confianca"": null, ""datajud_encerrado_tribunal"": false, ""cumprimento_sentenca_motivo"": null, ""tem_atualizacao_pos_retorno"": false, ""busca_apreensao_consultado_em"": ""2026-08-03T03:58:14.619+00:00"", ""cumprimento_sentenca_consultado_em"": ""2026-08-26T01:23:33.453+00:00""}",d37fd4bb-1c71-4dca-b97e-292355918d39,d730da06-030a-4921-bdb4-96b335a21d58,2026-08-27,2026-09-14,AGUARDANDO DECISÃO,No Prazo,Normal,EM ANDAMENTO,,JVA / GM,MAIKON / ANDRESSA,,,,1003224-40.2025.8.26.0296,TJSP,,2026-05-22 19:27:17+00,Petição,2026-08-26 01:23:33.453+00,false,false,,false,,,2026-08-03 03:58:14.619+00,MjAyNi0wNS0yMlQxOToyNzoxNy4wMDBa,false,,2026-08-26 01:23:33.453+00,2026-08-26 01:23:33.453+00,false,2026-07-03T00:00:00.000Z,Intimação / ciência,https://www.dje.tjsp.jus.br,8,40,true,true,,,,,,,,,BRASILEIRA,,,,,,,d269f309-a461-4f01-b894-d3a7b54a4b7c,false,,false,,{},,false,,false,,2026-09-01 19:43:42.777181+00
208160,2026-07-27 19:52:29.547373+00,"{""id"": ""208160"", ""risco"": ""Normal"", ""status"": ""No Prazo"", ""cliente"": ""EDERSON PINHEIRO DOS SANTOS"", ""advogado"": ""MATHEUS"", ""situacao"": ""EM ANDAMENTO"", ""telefone"": """", ""tribunal"": ""TJSP"", ""protocolo"": ""1001996-93.2024.8.26.0642"", ""created_by"": ""d269f309-a461-4f01-b894-d3a7b54a4b7c"", ""djen_count"": 2, ""escritorio"": ""JVA / GM"", ""observacao"": ""AUDIÊNCIA TJ / A FINANCEIRA JUNTOU O COMPROVANTE DE PAGAMENTO DOS HONORÁRIOS DO CONCILIADOR. "", ""auditado_em"": ""2026-08-24"", ""evento_tipo"": ""rotina"", ""atendido_por"": ""e72a59fd-d85f-4b4d-bbe1-1966249a14cf"", ""auditado_por"": ""e72a59fd-d85f-4b4d-bbe1-1966249a14cf"", ""datajud_hash"": ""MjAyNi0wNC0wNlQwMjoxMDoyMi4wMDBa"", ""diasFaltando"": 13, ""evento_fonte"": null, ""linkConsulta"": ""https://www.google.com/search?q=consulta+processo+TJSP+1001996-93.2024.8.26.0642"", ""proximoPrazo"": ""2026-09-14"", ""statusManual"": ""Automatico"", ""evento_resumo"": null, ""nacionalidade"": ""BRASILEIRA"", ""ultimoRetorno"": ""2026-08-24"", ""djen_ultima_data"": ""2026-04-06T00:00:00.000Z"", ""djen_ultimo_link"": ""https://www.dje.tjsp.jus.br"", ""djen_consultado_em"": ""2026-08-26T13:48:17.415Z"", ""djen_ultimo_resumo"": ""Processo 1001996-93.2024.8.26.0642 - Procedimento Comum Cível - Bancários - Ederson Pinheiro dos Santos - BANCO PAN S/A …"", ""tem_novo_andamento"": false, ""datajud_ultimo_nome"": ""Publicação"", ""datajud_consultado_em"": ""2026-08-26T13:48:17.415+00:00"", ""djen_nova_comunicacao"": false, ""busca_apreensao_motivo"": null, ""em_cumprimento_sentenca"": false, ""indicio_busca_apreensao"": false, ""datajud_encerrado_motivo"": null, ""datajud_ultimo_movimento"": ""2026-04-06T02:10:22+00:00"", ""busca_apreensao_confianca"": null, ""datajud_encerrado_tribunal"": false, ""cumprimento_sentenca_motivo"": null, ""tem_atualizacao_pos_retorno"": false, ""busca_apreensao_consultado_em"": ""2026-08-03T03:59:38.465+00:00"", ""cumprimento_sentenca_consultado_em"": ""2026-08-26T13:48:17.415+00:00""}",d37fd4bb-1c71-4dca-b97e-292355918d39,d269f309-a461-4f01-b894-d3a7b54a4b7c,2026-08-24,2026-09-14,"AUDIÊNCIA TJ / A FINANCEIRA JUNTOU O COMPROVANTE DE PAGAMENTO DOS HONORÁRIOS DO CONCILIADOR. ",No Prazo,Normal,EM ANDAMENTO,,JVA / GM,MATHEUS,,,,1001996-93.2024.8.26.0642,TJSP,,2026-04-06 02:10:22+00,Publicação,2026-08-26 13:48:17.415+00,false,false,,false,,,2026-08-03 03:59:38.465+00,MjAyNi0wNC0wNlQwMjoxMDoyMi4wMDBa,false,,2026-08-26 13:48:17.415+00,2026-08-26 13:48:17.415+00,false,2026-04-06T00:00:00.000Z,Processo 1001996-93.2024.8.26.0642 - Procedimento Comum Cível - Bancários - Ederson Pinheiro dos Santos - BANCO PAN S/A …,https://www.dje.tjsp.jus.br,2,40,true,true,,,,,,,,,BRASILEIRA,,,,,,,e72a59fd-d85f-4b4d-bbe1-1966249a14cf,false,,false,,{},,false,,false,,2026-09-01 19:43:41.632538+00
208161,2026-07-27 19:52:29.547373+00,"{""id"": ""208161"", ""risco"": ""Normal"", ""status"": ""Encerrado"", ""cliente"": ""EDESON LUIZ DAS NEVES"", ""advogado"": ""MATHEUS"", ""situacao"": ""ENCERRADO"", ""telefone"": """", ""tribunal"": ""TJPR"", ""protocolo"": ""0034491-09.2023.8.16.0001"", ""created_by"": ""e72a59fd-d85f-4b4d-bbe1-1966249a14cf"", ""djen_count"": 3, ""escritorio"": ""HUGS"", ""observacao"": ""CONCLUSO"", ""auditado_em"": null, ""evento_tipo"": ""transito_ou_baixa"", ""atendido_por"": ""d730da06-030a-4921-bdb4-96b335a21d58"", ""auditado_por"": null, ""datajud_hash"": ""MjAyNi0wNi0xOFQwMTowNjozMy4wMDBa"", ""diasFaltando"": null, ""evento_fonte"": null, ""linkConsulta"": ""https://www.google.com/search?q=consulta+processo+TJPR+0034491-09.2023.8.16.0001"", ""proximoPrazo"": """", ""statusManual"": ""Encerrado"", ""evento_resumo"": null, ""nacionalidade"": ""BRASILEIRA"", ""ultimoRetorno"": ""2026-09-01"", ""djen_ultima_data"": ""2026-05-22T00:00:00.000Z"", ""djen_ultimo_link"": ""https://projudi.tjpr.jus.br/projudi/processo/validacaoDocumentos.do?_tj=8a6c53f8698c7ff7826b4c776d71316d1925abc508bbf0c37395a1a670526233d0701ecd7f27bccb4a9dd33a5fb3567ebe27f98541a4864d"", ""djen_consultado_em"": ""2026-08-26T17:45:27.621Z"", ""djen_ultimo_resumo"": ""Extinção / cancelamento da distribuição"", ""tem_novo_andamento"": false, ""datajud_ultimo_nome"": ""Decurso de Prazo"", ""datajud_consultado_em"": ""2026-08-26T17:45:27.621+00:00"", ""djen_nova_comunicacao"": false, ""busca_apreensao_motivo"": null, ""em_cumprimento_sentenca"": false, ""indicio_busca_apreensao"": false, ""datajud_encerrado_motivo"": null, ""datajud_ultimo_movimento"": ""2026-06-18T01:06:33+00:00"", ""busca_apreensao_confianca"": null, ""datajud_encerrado_tribunal"": true, ""cumprimento_sentenca_motivo"": null, ""tem_atualizacao_pos_retorno"": false, ""busca_apreensao_consultado_em"": ""2026-08-03T03:30:59.623+00:00"", ""cumprimento_sentenca_consultado_em"": ""2026-08-26T17:45:27.621+00:00""}",d37fd4bb-1c71-4dca-b97e-292355918d39,e72a59fd-d85f-4b4d-bbe1-1966249a14cf,2026-09-01,,CONCLUSO,Encerrado,Normal,ENCERRADO,,HUGS,MATHEUS,,,,0034491-09.2023.8.16.0001,TJPR,,2026-06-18 01:06:33+00,Decurso de Prazo,2026-08-26 17:45:27.621+00,false,true,,false,,,2026-08-03 03:30:59.623+00,MjAyNi0wNi0xOFQwMTowNjozMy4wMDBa,false,,2026-08-26 17:45:27.621+00,2026-08-26 17:45:27.621+00,false,2026-05-22T00:00:00.000Z,Extinção / cancelamento da distribuição,https://projudi.tjpr.jus.br/projudi/processo/validacaoDocumentos.do?_tj=8a6c53f8698c7ff7826b4c776d71316d1925abc508bbf0c37395a1a670526233d0701ecd7f27bccb4a9dd33a5fb3567ebe27f98541a4864d,3,90,true,true,,,,,,,,,BRASILEIRA,,,,,,,d730da06-030a-4921-bdb4-96b335a21d58,false,,false,,{},,false,,false,,2026-09-01 19:43:41.386398+00
208162,2026-07-27 19:52:29.547373+00,"{""id"": ""208162"", ""risco"": ""Normal"", ""status"": ""Encerrado"", ""cliente"": ""EDINETE REGINA FRACCA DA SILVA"", ""advogado"": ""MATHEUS"", ""situacao"": ""ENCERRADO"", ""telefone"": """", ""tribunal"": ""TJSP"", ""protocolo"": ""1038338-86.2024.8.26.0001"", ""created_by"": ""4581d2fe-c358-45f9-a1bd-f90f93dce0fc"", ""djen_count"": 2, ""escritorio"": ""JVA / GM"", ""observacao"": ""IMPROCEDENTE 1º INSTNCIA/ MANTIDA A SENTENÇA "", ""auditado_em"": null, ""evento_tipo"": ""rotina"", ""atendido_por"": ""af1b75ea-cb64-4ebc-b4ad-ce1ce1fc01c5"", ""auditado_por"": ""af1b75ea-cb64-4ebc-b4ad-ce1ce1fc01c5"", ""datajud_hash"": null, ""diasFaltando"": null, ""evento_fonte"": null, ""linkConsulta"": ""https://www.google.com/search?q=consulta+processo+TJSP+1038338-86.2024.8.26.0001"", ""proximoPrazo"": """", ""statusManual"": ""Encerrado"", ""evento_resumo"": null, ""nacionalidade"": ""BRASILEIRA"", ""ultimoRetorno"": ""2026-09-01"", ""djen_ultima_data"": ""2025-11-25T00:00:00.000Z"", ""djen_ultimo_link"": ""https://www.dje.tjsp.jus.br"", ""djen_consultado_em"": ""2026-08-26T18:32:02.255Z"", ""djen_ultimo_resumo"": ""Custas / preparo"", ""tem_novo_andamento"": false, ""datajud_ultimo_nome"": ""Expedição de documento"", ""datajud_consultado_em"": ""2026-08-26T18:32:02.255+00:00"", ""djen_nova_comunicacao"": false, ""busca_apreensao_motivo"": null, ""em_cumprimento_sentenca"": false, ""indicio_busca_apreensao"": false, ""datajud_encerrado_motivo"": null, ""datajud_ultimo_movimento"": ""2026-01-20T14:55:08+00:00"", ""busca_apreensao_confianca"": null, ""datajud_encerrado_tribunal"": false, ""cumprimento_sentenca_motivo"": null, ""tem_atualizacao_pos_retorno"": false, ""busca_apreensao_consultado_em"": null, ""cumprimento_sentenca_consultado_em"": ""2026-08-26T18:32:02.255+00:00""}",d37fd4bb-1c71-4dca-b97e-292355918d39,4581d2fe-c358-45f9-a1bd-f90f93dce0fc,2026-09-01,,"IMPROCEDENTE 1º INSTNCIA/ MANTIDA A SENTENÇA ",Encerrado,Normal,ENCERRADO,,JVA / GM,MATHEUS,,,,1038338-86.2024.8.26.0001,TJSP,,2026-01-20 14:55:08+00,Expedição de documento,2026-08-26 18:32:02.255+00,false,false,,false,,,,,false,,2026-08-26 18:32:02.255+00,2026-08-26 18:32:02.255+00,false,2025-11-25T00:00:00.000Z,Custas / preparo,https://www.dje.tjsp.jus.br,2,40,,,,,,,,,,,BRASILEIRA,,,,,,af1b75ea-cb64-4ebc-b4ad-ce1ce1fc01c5,af1b75ea-cb64-4ebc-b4ad-ce1ce1fc01c5,false,,false,,{},,false,,false,,2026-09-01 19:43:42.339702+00
208163,2026-07-27 19:52:29.547373+00,"{""id"": ""208163"", ""risco"": ""Crítico"", ""status"": ""Vencido"", ""cliente"": ""EDIRLETE MARIA BRANDENBURG"", ""advogado"": ""MATHEUS"", ""situacao"": ""EM ANDAMENTO"", ""telefone"": """", ""tribunal"": ""TJPR"", ""protocolo"": ""0001781-62.2025.8.16.0001"", ""created_by"": ""d730da06-030a-4921-bdb4-96b335a21d58"", ""djen_count"": 3, ""escritorio"": ""JVA / GM"", ""observacao"": ""CONCLUSO"", ""auditado_em"": null, ""evento_tipo"": ""sentenca_improcedente"", ""atendido_por"": null, ""auditado_por"": null, ""datajud_hash"": ""MjAyNi0wNC0xMFQxMToxMjowNC4wMDBa"", ""diasFaltando"": -46, ""evento_fonte"": ""djen"", ""linkConsulta"": ""https://www.google.com/search?q=consulta+processo+TJPR+0001781-62.2025.8.16.0001"", ""proximoPrazo"": ""2026-07-17"", ""statusManual"": ""Automatico"", ""evento_resumo"": ""Sentença improcedente"", ""nacionalidade"": ""BRASILEIRA"", ""ultimoRetorno"": ""2026-07-03"", ""djen_ultima_data"": ""2026-07-23T00:00:00.000Z"", ""djen_ultimo_link"": ""https://projudi.tjpr.jus.br/projudi/processo/validacaoDocumentos.do?_tj=8a6c53f8698c7ff7826b4c776d71316d1925abc508bbf0c37395a1a670526233f1a77d3ab96bacc587800d2016619ff1c0270ded44d31e64"", ""djen_consultado_em"": ""2026-08-26T01:20:33.150Z"", ""djen_ultimo_resumo"": ""Sentença improcedente"", ""tem_novo_andamento"": true, ""datajud_ultimo_nome"": ""Conclusão"", ""datajud_consultado_em"": ""2026-08-26T01:20:33.149+00:00"", ""djen_nova_comunicacao"": true, ""busca_apreensao_motivo"": null, ""em_cumprimento_sentenca"": false, ""indicio_busca_apreensao"": false, ""datajud_encerrado_motivo"": null, ""datajud_ultimo_movimento"": ""2026-04-10T11:12:04+00:00"", ""busca_apreensao_confianca"": null, ""datajud_encerrado_tribunal"": false, ""cumprimento_sentenca_motivo"": null, ""tem_atualizacao_pos_retorno"": false, ""busca_apreensao_consultado_em"": ""2026-08-03T04:12:03.443+00:00"", ""cumprimento_sentenca_consultado_em"": ""2026-08-26T01:20:33.149+00:00""}",d37fd4bb-1c71-4dca-b97e-292355918d39,d730da06-030a-4921-bdb4-96b335a21d58,2026-07-03,2026-07-17,CONCLUSO,Vencido,Crítico,EM ANDAMENTO,,JVA / GM,MATHEUS,,,,0001781-62.2025.8.16.0001,TJPR,,2026-04-10 11:12:04+00,Conclusão,2026-08-26 01:20:33.149+00,false,false,,false,,,2026-08-03 04:12:03.443+00,MjAyNi0wNC0xMFQxMToxMjowNC4wMDBa,false,,2026-08-26 01:20:33.149+00,2026-08-26 01:20:33.15+00,true,2026-07-23T00:00:00.000Z,Sentença improcedente,https://projudi.tjpr.jus.br/projudi/processo/validacaoDocumentos.do?_tj=8a6c53f8698c7ff7826b4c776d71316d1925abc508bbf0c37395a1a670526233f1a77d3ab96bacc587800d2016619ff1c0270ded44d31e64,3,80,true,true,,,,,,,,,BRASILEIRA,,,,,,,,false,,false,,{},,false,,false,,2026-09-01 19:43:42.339702+00
208164,2026-07-27 19:52:29.547373+00,"{""id"": ""208164"", ""risco"": ""Normal"", ""status"": ""Encerrado"", ""cliente"": ""EDUARDO FARIA DE SOUZA"", ""advogado"": ""MATHEUS"", ""situacao"": ""ENCERRADO"", ""telefone"": """", ""tribunal"": ""TJSP"", ""protocolo"": ""1005159-48.2025.8.26.0286"", ""created_by"": ""d269f309-a461-4f01-b894-d3a7b54a4b7c"", ""djen_count"": 9, ""escritorio"": ""JVA / GM"", ""observacao"": ""CUMPRIMENTO DE SENTENÇA INSTAURADO PELO ESCRITÓRIO DA FINANCEIRA - O CLIENTE INFORMOU QUE JÁ RESOLVEU"", ""auditado_em"": ""2026-08-28"", ""evento_tipo"": ""sentenca_improcedente"", ""atendido_por"": ""d269f309-a461-4f01-b894-d3a7b54a4b7c"", ""auditado_por"": ""e6e05b7b-dc9b-4786-9f3f-4bbbf3a922f9"", ""datajud_hash"": ""MjAyNi0wMy0yNlQxNjo0NDowNy4wMDBa"", ""diasFaltando"": null, ""evento_fonte"": null, ""linkConsulta"": ""https://www.google.com/search?q=consulta+processo+TJSP+1005159-48.2025.8.26.0286"", ""proximoPrazo"": """", ""statusManual"": ""Encerrado"", ""evento_resumo"": ""Sentença improcedente"", ""nacionalidade"": ""BRASILEIRA"", ""ultimoRetorno"": ""2026-09-01"", ""djen_ultima_data"": ""2026-02-27T00:00:00.000Z"", ""djen_ultimo_link"": ""https://www.dje.tjsp.jus.br"", ""djen_consultado_em"": ""2026-08-26T16:01:07.116Z"", ""djen_ultimo_resumo"": ""Sentença / decisão de mérito"", ""tem_novo_andamento"": false, ""datajud_ultimo_nome"": ""Execução/Cumprimento de Sentença Iniciada (o)"", ""datajud_consultado_em"": ""2026-08-26T16:01:07.116+00:00"", ""djen_nova_comunicacao"": false, ""busca_apreensao_motivo"": null, ""em_cumprimento_sentenca"": true, ""indicio_busca_apreensao"": false, ""datajud_encerrado_motivo"": null, ""datajud_ultimo_movimento"": ""2026-03-26T16:44:07+00:00"", ""busca_apreensao_confianca"": null, ""datajud_encerrado_tribunal"": true, ""cumprimento_sentenca_motivo"": ""CUMPRIMENTO DE SENTENÇA"", ""tem_atualizacao_pos_retorno"": false, ""busca_apreensao_consultado_em"": ""2026-08-03T03:50:03.93+00:00"", ""cumprimento_sentenca_consultado_em"": ""2026-08-26T16:01:07.116+00:00""}",d37fd4bb-1c71-4dca-b97e-292355918d39,d269f309-a461-4f01-b894-d3a7b54a4b7c,2026-09-01,,CUMPRIMENTO DE SENTENÇA INSTAURADO PELO ESCRITÓRIO DA FINANCEIRA - O CLIENTE INFORMOU QUE JÁ RESOLVEU,Encerrado,Normal,EM ANDAMENTO,,JVA / GM,MATHEUS,,,,1005159-48.2025.8.26.0286,TJSP,,2026-03-26 16:44:07+00,Execução/Cumprimento de Sentença Iniciada (o),2026-08-26 16:01:07.116+00,false,true,,false,,,2026-08-03 03:50:03.93+00,MjAyNi0wMy0yNlQxNjo0NDowNy4wMDBa,true,CUMPRIMENTO DE SENTENÇA,2026-08-26 16:01:07.116+00,2026-08-26 16:01:07.116+00,false,2026-02-27T00:00:00.000Z,Sentença / decisão de mérito,https://www.dje.tjsp.jus.br,9,70,true,true,,,,,,,,,BRASILEIRA,,,,,,,d269f309-a461-4f01-b894-d3a7b54a4b7c,false,,false,,{},,false,,false,,2026-09-01 19:43:41.632538+00
208165,2026-07-27 19:52:29.547373+00,"{""id"": ""208165"", ""risco"": ""Normal"", ""status"": ""Atenção"", ""cliente"": ""EDUARDO MARQUES DE CARVALHO"", ""advogado"": ""MATHEUS"", ""situacao"": ""EM ANDAMENTO"", ""telefone"": """", ""tribunal"": ""TJSP"", ""protocolo"": ""1006818-59.2025.8.26.0006"", ""created_by"": ""e72a59fd-d85f-4b4d-bbe1-1966249a14cf"", ""djen_count"": 9, ""escritorio"": ""JVA / GM"", ""observacao"": ""CUSTAS PROCESSUAIS"", ""auditado_em"": ""2026-08-21"", ""evento_tipo"": ""novo_andamento_relevante"", ""atendido_por"": ""e72a59fd-d85f-4b4d-bbe1-1966249a14cf"", ""auditado_por"": ""4581d2fe-c358-45f9-a1bd-f90f93dce0fc"", ""datajud_hash"": ""MjAyNi0wNS0wNFQwODoxODoxNi4wMDBa"", ""diasFaltando"": 3, ""evento_fonte"": null, ""linkConsulta"": ""https://www.google.com/search?q=consulta+processo+TJSP+1006818-59.2025.8.26.0006"", ""proximoPrazo"": ""2026-09-04"", ""statusManual"": ""Automatico"", ""evento_resumo"": ""Processo 1006818-59.2025.8.26.0006 - Procedimento Comum Cível - Práticas Abusivas - Eduardo Marques de Carvalho - Tabor …"", ""nacionalidade"": ""BRASILEIRA"", ""ultimoRetorno"": ""2026-08-21"", ""djen_ultima_data"": ""2026-08-20T00:00:00.000Z"", ""djen_ultimo_link"": ""https://www.dje.tjsp.jus.br"", ""djen_consultado_em"": ""2026-08-26T13:57:16.801Z"", ""djen_ultimo_resumo"": ""Despacho / determinação"", ""tem_novo_andamento"": false, ""datajud_ultimo_nome"": ""Ato ordinatório"", ""datajud_consultado_em"": ""2026-08-26T13:57:16.801+00:00"", ""djen_nova_comunicacao"": false, ""busca_apreensao_motivo"": null, ""em_cumprimento_sentenca"": false, ""indicio_busca_apreensao"": false, ""datajud_encerrado_motivo"": null, ""datajud_ultimo_movimento"": ""2026-05-04T08:18:16+00:00"", ""busca_apreensao_confianca"": null, ""datajud_encerrado_tribunal"": false, ""cumprimento_sentenca_motivo"": null, ""tem_atualizacao_pos_retorno"": false, ""busca_apreensao_consultado_em"": ""2026-08-03T03:50:54.786+00:00"", ""cumprimento_sentenca_consultado_em"": ""2026-08-26T13:57:16.801+00:00""}",d37fd4bb-1c71-4dca-b97e-292355918d39,e72a59fd-d85f-4b4d-bbe1-1966249a14cf,2026-08-21,2026-09-04,CUSTAS PROCESSUAIS,Atenção,Normal,EM ANDAMENTO,,JVA / GM,MATHEUS,,,,1006818-59.2025.8.26.0006,TJSP,,2026-05-04 08:18:16+00,Ato ordinatório,2026-08-26 13:57:16.801+00,false,false,,false,,,2026-08-03 03:50:54.786+00,MjAyNi0wNS0wNFQwODoxODoxNi4wMDBa,false,,2026-08-26 13:57:16.801+00,2026-08-26 13:57:16.801+00,false,2026-08-20T00:00:00.000Z,Despacho / determinação,https://www.dje.tjsp.jus.br,9,40,true,true,,,,,,,,,BRASILEIRA,,,,,,,e72a59fd-d85f-4b4d-bbe1-1966249a14cf,false,,false,,{},,false,,false,,2026-09-01 19:43:41.632538+00
208166,2026-07-27 19:52:29.547373+00,"{""id"": ""208166"", ""risco"": ""Normal"", ""status"": ""Encerrado"", ""cliente"": ""EDVALDO MARTINS DA SILVA - BANCO VOTORANTIM"", ""advogado"": ""MATHEUS"", ""situacao"": ""ENCERRADO"", ""telefone"": """", ""tribunal"": ""TJSP"", ""protocolo"": ""1017535-79.2024.8.26.0002"", ""created_by"": ""4581d2fe-c358-45f9-a1bd-f90f93dce0fc"", ""djen_count"": 0, ""escritorio"": ""JVA / GM"", ""observacao"": ""CUMPRIMENTO DE SENTENÇA"", ""auditado_em"": null, ""evento_tipo"": ""transito_ou_baixa"", ""atendido_por"": ""af1b75ea-cb64-4ebc-b4ad-ce1ce1fc01c5"", ""auditado_por"": ""af1b75ea-cb64-4ebc-b4ad-ce1ce1fc01c5"", ""datajud_hash"": ""MjAyNS0wNS0yMlQxMDo1OTowNy4wMDBa"", ""diasFaltando"": null, ""evento_fonte"": null, ""linkConsulta"": ""https://www.google.com/search?q=consulta+processo+TJSP+1017535-79.2024.8.26.0002"", ""proximoPrazo"": """", ""statusManual"": ""Encerrado"", ""evento_resumo"": ""Baixa definitiva do processo em 22/05/2025, após não conhecimento de recurso em 11/04/2025."", ""nacionalidade"": ""BRASILEIRA"", ""ultimoRetorno"": ""2026-09-01"", ""djen_ultima_data"": null, ""djen_ultimo_link"": ""https://comunica.pje.jus.br/#/consulta?numeroProcesso=1017535-79.2024.8.26.0002"", ""djen_consultado_em"": ""2026-08-26T19:26:52.166Z"", ""djen_ultimo_resumo"": null, ""tem_novo_andamento"": false, ""datajud_ultimo_nome"": ""Expedição de documento"", ""datajud_consultado_em"": ""2026-08-26T19:26:52.166+00:00"", ""djen_nova_comunicacao"": false, ""busca_apreensao_motivo"": null, ""em_cumprimento_sentenca"": false, ""indicio_busca_apreensao"": false, ""datajud_encerrado_motivo"": ""BAIXA DEFINITIVA"", ""datajud_ultimo_movimento"": ""2025-05-22T10:59:07+00:00"", ""busca_apreensao_confianca"": null, ""datajud_encerrado_tribunal"": true, ""cumprimento_sentenca_motivo"": null, ""tem_atualizacao_pos_retorno"": false, ""busca_apreensao_consultado_em"": ""2026-08-03T11:48:12.347+00:00"", ""cumprimento_sentenca_consultado_em"": ""2026-08-26T19:26:52.166+00:00""}",d37fd4bb-1c71-4dca-b97e-292355918d39,4581d2fe-c358-45f9-a1bd-f90f93dce0fc,2026-09-01,,CUMPRIMENTO DE SENTENÇA,Encerrado,Normal,ENCERRADO,,JVA / GM,MATHEUS,,,,1017535-79.2024.8.26.0002,TJSP,,2025-05-22 10:59:07+00,Expedição de documento,2026-08-26 19:26:52.166+00,false,true,BAIXA DEFINITIVA,false,,,2026-08-03 11:48:12.347+00,MjAyNS0wNS0yMlQxMDo1OTowNy4wMDBa,false,,2026-08-26 19:26:52.166+00,2026-08-26 19:26:52.166+00,false,,,https://comunica.pje.jus.br/#/consulta?numeroProcesso=1017535-79.2024.8.26.0002,0,90,true,true,,,,,,,,,BRASILEIRA,,,,,,af1b75ea-cb64-4ebc-b4ad-ce1ce1fc01c5,af1b75ea-cb64-4ebc-b4ad-ce1ce1fc01c5,false,,false,,{},,false,,false,,2026-09-01 19:43:41.386398+00
208167,2026-07-27 19:52:29.547373+00,"{""id"": ""208167"", ""risco"": ""Normal"", ""status"": ""No Prazo"", ""cliente"": ""ELAINE FERREIRA DE LIMA"", ""advogado"": ""ISAI / MATHEUS"", ""situacao"": ""EM ANDAMENTO"", ""telefone"": """", ""tribunal"": ""TJSP"", ""protocolo"": ""1004531-06.2023.8.26.0197"", ""created_by"": ""d730da06-030a-4921-bdb4-96b335a21d58"", ""djen_count"": 5, ""escritorio"": ""HUGS"", ""observacao"": ""RECURSO PARCIALMENTE PROCEDENTE"", ""auditado_em"": ""2026-08-26"", ""evento_tipo"": ""novo_andamento_relevante"", ""atendido_por"": ""4581d2fe-c358-45f9-a1bd-f90f93dce0fc"", ""auditado_por"": ""d730da06-030a-4921-bdb4-96b335a21d58"", ""datajud_hash"": ""MjAyNi0wNS0yMVQwMDowMDowMC4wMDBa"", ""diasFaltando"": 10, ""evento_fonte"": null, ""linkConsulta"": ""https://www.google.com/search?q=consulta+processo+TJSP+1004531-06.2023.8.26.0197"", ""proximoPrazo"": ""2026-09-11"", ""statusManual"": ""Automatico"", ""evento_resumo"": ""Justiça gratuita (AJG)"", ""nacionalidade"": ""BRASILEIRA"", ""ultimoRetorno"": ""2026-08-26"", ""djen_ultima_data"": ""2026-07-29T00:00:00.000Z"", ""djen_ultimo_link"": ""https://www.dje.tjsp.jus.br"", ""djen_consultado_em"": ""2026-08-26T11:24:21.302Z"", ""djen_ultimo_resumo"": ""Justiça gratuita (AJG)"", ""tem_novo_andamento"": false, ""datajud_ultimo_nome"": ""Conclusão"", ""datajud_consultado_em"": ""2026-08-26T11:24:21.301+00:00"", ""djen_nova_comunicacao"": false, ""busca_apreensao_motivo"": null, ""em_cumprimento_sentenca"": false, ""indicio_busca_apreensao"": false, ""datajud_encerrado_motivo"": null, ""datajud_ultimo_movimento"": ""2026-05-21T00:00:00+00:00"", ""busca_apreensao_confianca"": null, ""datajud_encerrado_tribunal"": false, ""cumprimento_sentenca_motivo"": null, ""tem_atualizacao_pos_retorno"": false, ""busca_apreensao_consultado_em"": ""2026-08-03T04:09:24.595+00:00"", ""cumprimento_sentenca_consultado_em"": ""2026-08-26T11:24:21.301+00:00""}",d37fd4bb-1c71-4dca-b97e-292355918d39,d730da06-030a-4921-bdb4-96b335a21d58,2026-08-26,2026-09-11,RECURSO PARCIALMENTE PROCEDENTE,No Prazo,Normal,EM ANDAMENTO,,HUGS,ISAI / MATHEUS,,,,1004531-06.2023.8.26.0197,TJSP,,2026-05-21 00:00:00+00,Conclusão,2026-08-26 11:24:21.301+00,false,false,,false,,,2026-08-03 04:09:24.595+00,MjAyNi0wNS0yMVQwMDowMDowMC4wMDBa,false,,2026-08-26 11:24:21.301+00,2026-08-26 11:24:21.302+00,false,2026-07-29T00:00:00.000Z,Justiça gratuita (AJG),https://www.dje.tjsp.jus.br,5,40,true,true,,,,,,,,,BRASILEIRA,,,,,,,4581d2fe-c358-45f9-a1bd-f90f93dce0fc,false,,false,2026-08-26 11:24:21.586+00,{},,false,,false,,2026-09-01 19:43:41.853321+00
208168,2026-07-27 19:52:29.547373+00,"{""id"": ""208168"", ""risco"": ""Normal"", ""status"": ""Encerrado"", ""cliente"": ""ELEN CRISTINA DELFINA GUIMARAES"", ""advogado"": ""GILBERTO"", ""situacao"": ""ENCERRADO"", ""telefone"": """", ""tribunal"": ""TJSP"", ""protocolo"": ""1025233-05.2025.8.26.0002"", ""created_by"": ""d269f309-a461-4f01-b894-d3a7b54a4b7c"", ""djen_count"": 9, ""escritorio"": ""JVA / GM"", ""observacao"": ""JG INDEFERIDA / IMPROCEDENTE / TRANSITOU EM JULGADO / CONDENADA A PAGAR OS HONORÁRIOS 10%"", ""auditado_em"": ""2026-08-18"", ""evento_tipo"": ""rotina"", ""atendido_por"": ""af1b75ea-cb64-4ebc-b4ad-ce1ce1fc01c5"", ""auditado_por"": ""af1b75ea-cb64-4ebc-b4ad-ce1ce1fc01c5"", ""datajud_hash"": ""MjAyNS0xMC0xN1QxMTo1NDo1My4wMDBa"", ""diasFaltando"": null, ""evento_fonte"": null, ""linkConsulta"": ""https://www.google.com/search?q=consulta+processo+TJSP+1025233-05.2025.8.26.0002"", ""proximoPrazo"": """", ""statusManual"": ""Encerrado"", ""evento_resumo"": null, ""nacionalidade"": ""BRASILEIRA"", ""ultimoRetorno"": ""2026-09-01"", ""djen_ultima_data"": ""2026-06-19T00:00:00.000Z"", ""djen_ultimo_link"": ""https://eproc1g.tjsp.jus.br/eproc/externo_controlador.php?acao=consulta_publica_documento&numProcesso=10252330520258260002&idDocumento=611781791176111497494390780171&hash=c84c282f54318741b6bcbfe08af82717721305a4088595986dd1a426ec20d303"", ""djen_consultado_em"": ""2026-08-26T18:23:08.323Z"", ""djen_ultimo_resumo"": ""Procedimento Comum Cível Nº 1025233-05.2025.8.26.0002/SP Assunto: Práticas Abusivas AUTOR : ELEN CRISTINA DELFINA GUIMAR…"", ""tem_novo_andamento"": false, ""datajud_ultimo_nome"": ""Ato ordinatório"", ""datajud_consultado_em"": ""2026-08-26T18:23:08.322+00:00"", ""djen_nova_comunicacao"": false, ""busca_apreensao_motivo"": null, ""em_cumprimento_sentenca"": false, ""indicio_busca_apreensao"": false, ""datajud_encerrado_motivo"": null, ""datajud_ultimo_movimento"": ""2025-10-17T11:54:53+00:00"", ""busca_apreensao_confianca"": null, ""datajud_encerrado_tribunal"": false, ""cumprimento_sentenca_motivo"": null, ""tem_atualizacao_pos_retorno"": false, ""busca_apreensao_consultado_em"": ""2026-08-03T03:56:10.005+00:00"", ""cumprimento_sentenca_consultado_em"": ""2026-08-26T18:23:08.322+00:00""}",d37fd4bb-1c71-4dca-b97e-292355918d39,d269f309-a461-4f01-b894-d3a7b54a4b7c,2026-09-01,,JG INDEFERIDA / IMPROCEDENTE / TRANSITOU EM JULGADO / CONDENADA A PAGAR OS HONORÁRIOS 10%,Encerrado,Normal,EM ANDAMENTO,,JVA / GM,GILBERTO,,,,1025233-05.2025.8.26.0002,TJSP,,2025-10-17 11:54:53+00,Ato ordinatório,2026-08-26 18:23:08.322+00,false,false,,false,,,2026-08-03 03:56:10.005+00,MjAyNS0xMC0xN1QxMTo1NDo1My4wMDBa,false,,2026-08-26 18:23:08.322+00,2026-08-26 18:23:08.323+00,false,2026-06-19T00:00:00.000Z,Procedimento Comum Cível Nº 1025233-05.2025.8.26.0002/SP Assunto: Práticas Abusivas AUTOR : ELEN CRISTINA DELFINA GUIMAR…,https://eproc1g.tjsp.jus.br/eproc/externo_controlador.php?acao=consulta_publica_documento&numProcesso=10252330520258260002&idDocumento=611781791176111497494390780171&hash=c84c282f54318741b6bcbfe08af82717721305a4088595986dd1a426ec20d303,9,40,true,true,,,,,,,,,BRASILEIRA,,,,,,af1b75ea-cb64-4ebc-b4ad-ce1ce1fc01c5,af1b75ea-cb64-4ebc-b4ad-ce1ce1fc01c5,false,,false,,{},,false,,false,,2026-09-01 19:43:42.579127+00
208169,2026-07-27 19:52:29.547373+00,"{""id"": ""208169"", ""risco"": ""Crítico"", ""status"": ""Vencido"", ""cliente"": ""ELENICE TEREZA ASSIS DE MORAIS"", ""advogado"": ""MATHEUS"", ""situacao"": ""EM ANDAMENTO"", ""telefone"": """", ""tribunal"": ""TJSP"", ""protocolo"": ""1011837-60.2023.8.26.0606"", ""created_by"": ""e72a59fd-d85f-4b4d-bbe1-1966249a14cf"", ""djen_count"": 1, ""escritorio"": ""HUGS"", ""observacao"": ""TIRANDO DÚVIDA, HONORÁRIOS / SUCUMBÊNCIA"", ""auditado_em"": null, ""evento_tipo"": ""sentenca_improcedente"", ""atendido_por"": ""e72a59fd-d85f-4b4d-bbe1-1966249a14cf"", ""auditado_por"": null, ""datajud_hash"": null, ""diasFaltando"": -46, ""evento_fonte"": null, ""linkConsulta"": ""https://www.google.com/search?q=consulta+processo+TJSP+1011837-60.2023.8.26.0606"", ""proximoPrazo"": ""2026-07-17"", ""statusManual"": ""Automatico"", ""evento_resumo"": ""Sentença improcedente"", ""nacionalidade"": ""BRASILEIRA"", ""ultimoRetorno"": ""2025-12-04"", ""djen_ultima_data"": ""2025-09-12T00:00:00.000Z"", ""djen_ultimo_link"": ""https://www.dje.tjsp.jus.br"", ""djen_consultado_em"": ""2026-08-26T16:19:04.478Z"", ""djen_ultimo_resumo"": ""Sentença / decisão de mérito"", ""tem_novo_andamento"": false, ""datajud_ultimo_nome"": ""Publicação"", ""datajud_consultado_em"": ""2026-08-26T16:19:04.477+00:00"", ""djen_nova_comunicacao"": false, ""busca_apreensao_motivo"": null, ""em_cumprimento_sentenca"": true, ""indicio_busca_apreensao"": false, ""datajud_encerrado_motivo"": null, ""datajud_ultimo_movimento"": ""2024-12-16T07:47:04+00:00"", ""busca_apreensao_confianca"": null, ""datajud_encerrado_tribunal"": false, ""cumprimento_sentenca_motivo"": null, ""tem_atualizacao_pos_retorno"": false, ""busca_apreensao_consultado_em"": ""2026-08-03T03:52:46.256+00:00"", ""cumprimento_sentenca_consultado_em"": ""2026-08-26T16:19:04.477+00:00""}",d37fd4bb-1c71-4dca-b97e-292355918d39,e72a59fd-d85f-4b4d-bbe1-1966249a14cf,2025-12-04,2026-07-17,"TIRANDO DÚVIDA, HONORÁRIOS / SUCUMBÊNCIA",Vencido,Crítico,EM ANDAMENTO,,HUGS,MATHEUS,,,,1011837-60.2023.8.26.0606,TJSP,,2024-12-16 07:47:04+00,Publicação,2026-08-26 16:19:04.477+00,false,false,,false,,,2026-08-03 03:52:46.256+00,,true,,2026-08-26 16:19:04.477+00,2026-08-26 16:19:04.478+00,false,2025-09-12T00:00:00.000Z,Sentença / decisão de mérito,https://www.dje.tjsp.jus.br,1,70,true,true,,,,,,,,,BRASILEIRA,,,,,,,e72a59fd-d85f-4b4d-bbe1-1966249a14cf,false,,false,,{},,false,,false,,2026-09-01 19:43:41.853321+00
208170,2026-07-27 19:52:29.547373+00,"{""id"": ""208170"", ""risco"": ""Normal"", ""status"": ""No Prazo"", ""cliente"": ""ELIANE APARECIDA TURINI"", ""advogado"": ""MATHEUS / MAIKON"", ""situacao"": ""EM ANDAMENTO"", ""telefone"": """", ""tribunal"": ""TJSP"", ""protocolo"": ""1000934-14.2025.8.26.0438"", ""created_by"": ""4581d2fe-c358-45f9-a1bd-f90f93dce0fc"", ""djen_count"": 4, ""escritorio"": ""JVA / GM"", ""observacao"": ""CONCLUSOS"", ""auditado_em"": ""2026-08-24"", ""evento_tipo"": ""rotina"", ""atendido_por"": ""d730da06-030a-4921-bdb4-96b335a21d58"", ""auditado_por"": ""d730da06-030a-4921-bdb4-96b335a21d58"", ""datajud_hash"": ""MjAyNi0wNi0xMFQxMzo1MjoxNy4wMDBa"", ""diasFaltando"": 6, ""evento_fonte"": null, ""linkConsulta"": ""https://www.google.com/search?q=consulta+processo+TJSP+1000934-14.2025.8.26.0438"", ""proximoPrazo"": ""2026-09-07"", ""statusManual"": ""Automatico"", ""evento_resumo"": null, ""nacionalidade"": ""BRASILEIRA"", ""ultimoRetorno"": ""2026-08-24"", ""djen_ultima_data"": ""2026-05-07T00:00:00.000Z"", ""djen_ultimo_link"": ""https://www.dje.tjsp.jus.br"", ""djen_consultado_em"": ""2026-08-26T13:42:46.807Z"", ""djen_ultimo_resumo"": ""Processo 1000934-14.2025.8.26.0438 - Procedimento Comum Cível - Práticas Abusivas - Eliane Aparecida Turini - Banco Hond…"", ""tem_novo_andamento"": false, ""datajud_ultimo_nome"": ""Conclusão"", ""datajud_consultado_em"": ""2026-08-26T13:42:46.806+00:00"", ""djen_nova_comunicacao"": false, ""busca_apreensao_motivo"": null, ""em_cumprimento_sentenca"": false, ""indicio_busca_apreensao"": false, ""datajud_encerrado_motivo"": null, ""datajud_ultimo_movimento"": ""2026-06-10T13:52:17+00:00"", ""busca_apreensao_confianca"": null, ""datajud_encerrado_tribunal"": false, ""cumprimento_sentenca_motivo"": null, ""tem_atualizacao_pos_retorno"": false, ""busca_apreensao_consultado_em"": ""2026-08-03T03:33:29.868+00:00"", ""cumprimento_sentenca_consultado_em"": ""2026-08-26T13:42:46.806+00:00""}",d37fd4bb-1c71-4dca-b97e-292355918d39,4581d2fe-c358-45f9-a1bd-f90f93dce0fc,2026-08-24,2026-09-07,CONCLUSOS,No Prazo,Normal,EM ANDAMENTO,,JVA / GM,MATHEUS / MAIKON,,,,1000934-14.2025.8.26.0438,TJSP,,2026-06-10 13:52:17+00,Conclusão,2026-08-26 13:42:46.806+00,false,false,,false,,,2026-08-03 03:33:29.868+00,MjAyNi0wNi0xMFQxMzo1MjoxNy4wMDBa,false,,2026-08-26 13:42:46.806+00,2026-08-26 13:42:46.807+00,false,2026-05-07T00:00:00.000Z,Processo 1000934-14.2025.8.26.0438 - Procedimento Comum Cível - Práticas Abusivas - Eliane Aparecida Turini - Banco Hond…,https://www.dje.tjsp.jus.br,4,40,true,true,,,,,,,,,BRASILEIRA,,,,,,,d730da06-030a-4921-bdb4-96b335a21d58,false,,false,,{},,false,,false,,2026-09-01 19:43:41.853321+00
208171,2026-07-27 19:52:29.547373+00,"{""id"": ""208171"", ""risco"": ""Normal"", ""status"": ""Atenção"", ""cliente"": ""ELIAS COSTA DE OLIVEIRA"", ""advogado"": ""DIEGO"", ""situacao"": ""EM ANDAMENTO"", ""telefone"": """", ""tribunal"": ""TJMG"", ""protocolo"": ""1000024-09.2026.8.13.0407"", ""created_by"": ""d730da06-030a-4921-bdb4-96b335a21d58"", ""djen_count"": 3, ""escritorio"": ""MEDIARI"", ""observacao"": ""EMENDA A INICIAL JUSTIÇA GRATUITA"", ""auditado_em"": ""2026-08-28"", ""evento_tipo"": ""rotina"", ""atendido_por"": ""e72a59fd-d85f-4b4d-bbe1-1966249a14cf"", ""auditado_por"": ""e72a59fd-d85f-4b4d-bbe1-1966249a14cf"", ""datajud_hash"": ""MjAyNi0wNi0xNVQwMjozNToyMS4wMDBa"", ""diasFaltando"": 3, ""evento_fonte"": ""djen"", ""linkConsulta"": ""https://www.google.com/search?q=consulta+processo+TJMG+1000024-09.2026.8.13.0407"", ""proximoPrazo"": ""2026-09-04"", ""statusManual"": ""Automatico"", ""evento_resumo"": null, ""nacionalidade"": ""BRASILEIRA"", ""ultimoRetorno"": ""2026-08-26"", ""djen_ultima_data"": ""2026-08-26T00:00:00.000Z"", ""djen_ultimo_link"": ""https://eproc1g.tjmg.jus.br/eproc/externo_controlador.php?acao=consulta_publica_documento&numProcesso=10000240920268130407&idDocumento=11787657162896143132303342265&hash=6ed705da44d0b29ae2a55270e22c7991b123790cf6705dec54b2a661c8750829"", ""djen_consultado_em"": ""2026-08-26T11:23:21.758Z"", ""djen_ultimo_resumo"": ""Justiça gratuita (AJG)"", ""tem_novo_andamento"": false, ""datajud_ultimo_nome"": ""Disponibilização no Diário da Justiça Eletrônico"", ""datajud_consultado_em"": ""2026-08-26T11:23:21.758+00:00"", ""djen_nova_comunicacao"": false, ""busca_apreensao_motivo"": null, ""em_cumprimento_sentenca"": false, ""indicio_busca_apreensao"": false, ""datajud_encerrado_motivo"": null, ""datajud_ultimo_movimento"": ""2026-06-15T02:35:21+00:00"", ""busca_apreensao_confianca"": null, ""datajud_encerrado_tribunal"": false, ""cumprimento_sentenca_motivo"": null, ""tem_atualizacao_pos_retorno"": false, ""busca_apreensao_consultado_em"": ""2026-08-03T03:34:21.489+00:00"", ""cumprimento_sentenca_consultado_em"": ""2026-08-26T11:23:21.758+00:00""}",d37fd4bb-1c71-4dca-b97e-292355918d39,d730da06-030a-4921-bdb4-96b335a21d58,2026-08-26,2026-09-04,EMENDA A INICIAL JUSTIÇA GRATUITA,Atenção,Normal,EM ANDAMENTO,,MEDIARI,DIEGO,,,,1000024-09.2026.8.13.0407,TJMG,,2026-06-15 02:35:21+00,Disponibilização no Diário da Justiça Eletrônico,2026-08-26 11:23:21.758+00,false,false,,false,,,2026-08-03 03:34:21.489+00,MjAyNi0wNi0xNVQwMjozNToyMS4wMDBa,false,,2026-08-26 11:23:21.758+00,2026-08-26 11:23:21.758+00,false,2026-08-26T00:00:00.000Z,Justiça gratuita (AJG),https://eproc1g.tjmg.jus.br/eproc/externo_controlador.php?acao=consulta_publica_documento&numProcesso=10000240920268130407&idDocumento=11787657162896143132303342265&hash=6ed705da44d0b29ae2a55270e22c7991b123790cf6705dec54b2a661c8750829,3,80,true,true,,,,,,,,,BRASILEIRA,,,,,,,e72a59fd-d85f-4b4d-bbe1-1966249a14cf,false,,false,,{},,false,,false,,2026-09-01 19:43:41.131877+00
208172,2026-07-27 19:52:29.547373+00,"{""id"": ""208172"", ""cpf"": ""43514735840"", ""risco"": ""Crítico"", ""status"": ""Vencido"", ""cliente"": ""ELIDAN DOS REIS FARIAS"", ""advogado"": ""ANDRESSA"", ""situacao"": ""EM ANDAMENTO"", ""telefone"": """", ""tribunal"": ""TJSP"", ""protocolo"": ""4042399-59.2026.8.26.0100"", ""created_by"": ""d269f309-a461-4f01-b894-d3a7b54a4b7c"", ""djen_count"": 4, ""escritorio"": ""JVA / GM"", ""observacao"": ""CONTESTAÇÃO"", ""auditado_em"": null, ""evento_tipo"": ""rotina"", ""atendido_por"": null, ""auditado_por"": null, ""datajud_hash"": ""MjAyNi0wNi0yNlQwMToxNjoyNy4wMDBa"", ""diasFaltando"": -12, ""evento_fonte"": null, ""linkConsulta"": ""https://www.google.com/search?q=consulta+processo+TJSP+4042399-59.2026.8.26.0100"", ""proximoPrazo"": ""2026-08-20"", ""statusManual"": ""Automatico"", ""evento_resumo"": null, ""nacionalidade"": ""BRASILEIRA"", ""ultimoRetorno"": ""2026-07-23"", ""djen_ultima_data"": ""2026-07-21T00:00:00.000Z"", ""djen_ultimo_link"": ""https://eproc1g.tjsp.jus.br/eproc/externo_controlador.php?acao=consulta_publica_documento&numProcesso=40423995920268260100&idDocumento=611784548742307646416320272900&hash=c8578d540d1fdbb9ee05e295a58f94c6c60d422462bcbf6a3f0ab0056e225f69"", ""djen_consultado_em"": ""2026-08-26T11:20:41.208Z"", ""djen_ultimo_resumo"": ""Despacho / determinação"", ""tem_novo_andamento"": false, ""datajud_ultimo_nome"": ""Decurso de Prazo"", ""datajud_consultado_em"": ""2026-08-26T11:20:41.207+00:00"", ""djen_nova_comunicacao"": false, ""busca_apreensao_motivo"": null, ""em_cumprimento_sentenca"": false, ""indicio_busca_apreensao"": false, ""datajud_encerrado_motivo"": null, ""datajud_ultimo_movimento"": ""2026-06-26T01:16:27+00:00"", ""busca_apreensao_confianca"": null, ""datajud_encerrado_tribunal"": false, ""cumprimento_sentenca_motivo"": null, ""tem_atualizacao_pos_retorno"": false, ""busca_apreensao_consultado_em"": ""2026-08-03T03:46:41.663+00:00"", ""cumprimento_sentenca_consultado_em"": ""2026-08-26T11:20:41.207+00:00""}",d37fd4bb-1c71-4dca-b97e-292355918d39,d269f309-a461-4f01-b894-d3a7b54a4b7c,2026-07-23,2026-08-20,CONTESTAÇÃO,Vencido,Crítico,EM ANDAMENTO,,JVA / GM,ANDRESSA,,,,4042399-59.2026.8.26.0100,TJSP,,2026-06-26 01:16:27+00,Decurso de Prazo,2026-08-26 11:20:41.207+00,false,false,,false,,,2026-08-03 03:46:41.663+00,MjAyNi0wNi0yNlQwMToxNjoyNy4wMDBa,false,,2026-08-26 11:20:41.207+00,2026-08-26 11:20:41.208+00,false,2026-07-21T00:00:00.000Z,Despacho / determinação,https://eproc1g.tjsp.jus.br/eproc/externo_controlador.php?acao=consulta_publica_documento&numProcesso=40423995920268260100&idDocumento=611784548742307646416320272900&hash=c8578d540d1fdbb9ee05e295a58f94c6c60d422462bcbf6a3f0ab0056e225f69,4,40,true,true,,,,,,,,,BRASILEIRA,,,,,,,,false,,false,,{},,false,,false,,2026-09-01 19:43:41.853321+00